"AOSNUMBER","City","County","State","Agency","Type of LEA","Summary","Type of Juris","Technology","Vendor","Link 1","Link 1 Snapshot","Link 1 Source","Link 1 Type","Link 1 Date","Link 2","Link 2 Snapshot","Link 2 Source","Link 2 Type","Link 2 Date","Link 3","Link 3 Snapshot","Link 3 Source","Link 3 Type","Link 3 Date","Other Links"
"AOS0083","Bakersfield","Kern County","CA","Bakersfield Police Department","Police","Bakersfield Police Department has been using Shotspotter gunshot detection technology since March 2018. The initial two-year contract was paid for with a $450,000 Project Safe Neighborhood Grant,. ","Municipal","Gunshot Detection","ShotSpotter","https://bakersfieldnow.com/news/local/is-shotspotter-working-in-bakersfield","","Eyewitness News","","11/20/18","https://www.govtech.com/public-safety/Bakersfield-Calif-Approves-Gunshot-Detection-Tech.html","","Government Technology","","01/11/18","https://bakersfieldnow.com/news/local/is-shotspotter-working-in-bakersfield","","FOX Bakersfield Now","","11/20/18",""
"AOS0108","Rio Dell","Humboldt County","CA","Rio Dell Police Department","Police","The Rio Dell Police Department began using Axon body-worn cameras in 2015","Municipal","Body-worn Cameras","Axon","https://www.times-standard.com/2017/07/27/humboldt-county-police-body-cameras-in-the-future-for-some-now-for-others/","","The Times-Standard","","07/27/2017","https://www.northcoastjournal.com/humboldt/camera-questions/Content?oid=2846197","","North Cast Journal of Politics, People & Art","","03/19/2015","https://www.times-standard.com/2018/10/04/body-cam-law-will-impact-local-police-departments/","","The Times-Standard","","10/04/2018",""
"AOS0113","Brea","Orange County","CA","Brea Police Department","Police","As of 2016, the Brea Police Department spent $9,000 each year on PredPol (now Geolitica) predictive policing software. ","Municipal","Predictive Policing","Geolitica ","https://agenda.ci.brea.ca.us/print_all.cfm?seq=209&reloaded=true&id=","","Brea County ","","04/12/2016","https://agenda.ci.brea.ca.us/docs/2015/CC/20150203_16/16_02-03-15%20CC%20SA%20Agenda%20packet%20%28weblinks%29.pdf","","Meeting agenda/minutes/budgeting document","","2/3/2015","","","","","",""
"AOS0125","Eureka","Humboldt County","CA","Humboldt County Sheriff's Office","Sheriff","The Humboldt County Sheriff's Office signed a $91,000 contract with Axon in 2019 to equip all corrections officers with body-worn cameras.","County","Body-worn Cameras","Axon","https://www.times-standard.com/2019/06/22/safety-are-what-the-cameras-are-all-about-corrections-deputies-now-wear-body-cams-on-duty/","","The Times-Standard","","06/22/2019","https://lostcoastoutpost.com/2019/jun/21/hccf-rolls-out-new-body-worn-camera-program/","","Lost Coast Outpost","","06/21/2019","https://kiem-tv.com/2019/06/21/humboldt-county-sherriffs-office-introduces-body-cameras-for-correctional-officers/","","KIEM TV Website","","06/21/2019",""
"AOS0126","Tracy","San Joaquin County","CA","Tracy Police Department","Police","Tracy Police Department have been been using predictive policing since at least 2015. In 2018, the city of Tracy paid PredPol (now Geolitica) $44,000 for the software. ","Municipal","Predictive Policing","Geolitica","http://www.ttownmedia.com/tracy_press/news/police-tactics-driven-by-data/article_7e625e44-da39-11e4-8675-975f95f1c147.html","","Tracy Press","","03/04/2015","https://www.ci.tracy.ca.us/documents/August_2018_Check_Register.pdf","","City of Tracy","","9/4/2018","","","","","",""
"AOS0128","Los Angeles","Los Angeles County","CA","Los Angeles County Sheriff's Department","Sheriff","As of 2018, the Los Angeles County Sheriff's Department uses NEC face recognition technology. Previously, the agency had used DataWorks' face recognition system. ","County","Face Recognition","DataWorks Plus","https://www.activistpost.com/2018/03/los-angeles-facial-recognition-program.html","","ActivistPost","","03/21/2018","https://www.necam.com/newsroom/pressannouncements/2018announcements/LosAngelesCountySheriffDepartment/","","NEC","","3/15/2018","https://www.revealnews.org/article/los-angeles-sheriff-invests-in-new-tech-to-expand-biometric-database/","","Reveal News","","07/03/2015",""
"AOS0145","San Pablo","Contra Costa County","CA","San Pablo Police Department","Police","The San Pablo Police Department have been using ShotSpotter since 2011.","Municipal","Gunshot Detection","ShotSpotter","https://www.shotspotter.com/wp-content/uploads/2018/09/114SST-San-Pablo-case-study-v3.pdf","","ShotSpotter","","2018","","","","","","","","","","",""
"AOS0147","Stockton","San Joaquin County","CA","Stockton Police Department","Police","The Stockton Police Department has been using Shotspotter gunshot detection technology since 2013. ","Municipal","Gunshot Detection","ShotSpotter","https://sacramento.cbslocal.com/2019/01/01/stockton-police-using-shotspotter-technology-to-locate-new-years-eve-gunfire/","","CBS Sacramento","","01/01/2019","https://www.businesswire.com/news/home/20131210006529/en/Stockton-CA-Police-Department-Announces-ShotSpotter-Gunfire","","BusinessWire","","12/10/2013","https://www.recordnet.com/article/20140531/a_news/405310319","","Recordnet","","05/31/2014",""
"AOS0148","Oxnard","Ventura County","CA","Oxnard Police Department","Police","The Oxnard Police Department have used body-worn cameras since 2016. In September 2019, the department ordered 200 of the newest generation of Axon BWCs.","Municipal","Body-worn Cameras","Axon","https://www.vcstar.com/story/news/2018/03/21/oxnard-approves-additional-body-cameras-police-plans-new-rose-avenu-traffic-light/435841002/","","VC Star","","03/21/2018","https://investor.axon.com/press-releases/press-release-details/2019/Axon-Now-Shipping-Axon-Body-3-First-Connected-Camera-with-Real-time-Situational-Awareness/default.aspx","","Axon","","09/23/2019","","","","","",""
"AOS0149","Auburn","Placer County","CA","Placer County Sheriff's Office","Sheriff","The Placer County Sheriff's Office has been using DataWorks face recognition technology since at least 2011.  ","County","Face Recognition","DataWorks Plus","https://www.placer.ca.gov/DocumentCenter/View/18570/09F-PDF","","County of Placer","","2/6/2018","County of Placer","","","","7/12/2011","","","","","",""
"AOS0150","San Jose","Santa Clara County","CA","Santa Clara County Sheriff's Office","Sheriff","The Santa Clara County Sheriff’s Office ordered 1,200 Axon body-worn Cameras in 2017.","County","Body-worn Cameras","Axon","https://www.prnewswire.com/news-releases/santa-clara-county-sheriffs-department-and-nevada-highway-patrol-to-deploy-body-cameras-with-evidencecom-from-axon-300416601.html","","Cision","","3/2/2017","","","","","","","","","","",""
"AOS0151","Los Angeles","Los Angeles County","CA","California State University Northridge Police Department","Police","The California State University Northridge Police Department began deploying 28 Axon body-worn Cameras in 2018. The BWC program will cost $185,000 over five years. ","University","Body-worn Cameras","Axon","https://www.dailynews.com/2017/10/29/csun-police-are-now-wearing-body-cameras-in-move-to-enhance-bonds-with-community/","","Los Angeles Daily News","","10/29/2017","https://csunshinetoday.csun.edu/university-news/csun-police-strengthen-positive-relationship-with-campus-community/","","CSUN Today","","08/22/17","","","","","",""
"AOS0153","Morgan HIll","Santa Clara County","CA","Morgan Hill Police Department","Police","Morgan Hill Police Department has been using PredPol (now Geolitica) since June, 2011. According to Morgan Hill's 2014-2015 budget, patrol checks based on PredPol (now Geolitica) data were conducted 3,900 times. ","Municipal","Predictive Policing","Geolitica"," https://www.predpol.com/piedmont-california-civic-organization-highlights-predpol/","","PredPol","","","https://www.ksbw.com/article/predictive-policing-now-in-morgan-hill/1284659","","KSBW","","07/11/12","https://www.morgan-hill.ca.gov/Archive/ViewFile/Item/1678","","City of Morgan Hill","","07/01/13",""
"AOS0154","Suisun City","Solano County","CA","Suisun City Police Department","Police","The Suisun City Police Department have been using body-worn Cameras since 2010.  As of 2018, SCPD contracts with Axon at a cost of about $33,000 per year. ","Municipal","Body-worn Cameras","Axon","https://www.suisun.com/wp-content/files/Suisun_City_Council_Agenda_July_24_2018.pdf","","City of Suisun","","07/24/2018","https://www.suisun.com/wp-content/files/Suisun_City_FY_2018-19_Budget_Complete.pdf","","City of Suisun","","06/19/2018","","","","","",""
"AOS0155","Monterey","Monterey County","CA","Monterey Police Department","Police","The Monterey Police Department began using PredPol (now Geolitica) predictive policing software sometime between 2015 and 2017. ","Municipal","Predictive Policing","Geolitica","https://monterey.org/Portals/0/Reports/Finance/Budget/Adopted-Budget-2017-2019-Biennium_FINAL.pdf","","City of Monterey adopted budget pg 81","","2017-2019","","","","","","","","","","",""
"AOS0156","Watsonville","Santa Cruz County","CA","Watsonville Police Department","Police","The Watsonville Police Department equipped all of its officers with 75 Axon body-worn Cameras in 2019. The five-year contract cost more than $470,000. 
","Municipal","Body-worn Cameras","Axon","https://patch.com/california/watsonville/all-watsonville-patrol-officers-now-wearing-body-cameras","","Patch","","07/22/19","https://www.santacruzsentinel.com/2019/03/28/watsonville-police-receive-funding-for-body-cameras/","","Santa Cruz Sentinel","","03/28/19","https://watsonville.legistar.com/LegislationDetail.aspx?ID=3896669&GUID=D9491668-F652-41C1-A06D-0FB647D87597&Options=&Search=","","Watsonville Legistar","","03/26/19",""
"AOS0158","Modesto","Stanislaus County","CA","Stanislaus County Sheriff's Office","Sheriff","Stanislaus County Sheriff's Office purchased body-worn cameras for 180 deputies and 30 sergeants in April 2019. The BWCs cost about $70 per officer","County","Body-worn Cameras","Axon","https://www.abc10.com/article/news/crime/sheriffs-department-releases-body-cam-video-of-deadly-july-hostage-situation-in-modesto/103-cf60572a-bf69-42be-9a6c-e88f8b73b898","","ABC News","","8/9/2019","https://www.facebook.com/stansheriff/videos/critical-incident-body-worn-camera-video/951137088562745/","","Facebook","","8/8/2019","https://www.modbee.com/news/local/crime/article228715924.html","","Modesto Bee","","04/02/2019",""
"AOS0159","Lemoore","Kings County","CA","Lemoore Police Department","Police","The Lemoore Police Department began using body-worn cameras in 2015. ","Municipal","Body-worn Cameras","","http://www.mylemooreleader.com/114979","","The Leader","","05/29/15","https://hanfordsentinel.com/news/local/local-police-kings-county-has-our-back/article_ba792f55-a598-50e8-93fa-9b3406f59857.html","","The Hanford Sentinel","","9/5/2015","","","","","",""
"AOS0160","Fresno","Fresno County","CA","Fresno Police Department","Police","The Fresno City Council signed a $80,000 contract with PredPol (now Geolitica) for predictive policing software in 2016. ","Municipal","Predictive Policing","Geolitica","https://fresno.legistar.com/LegislationDetail.aspx?ID=2601912&GUID=7FDC5705-B39F-4B87-8D64-3F3B9A88AD1A","","Fresno Legistar","","3/31/2016","https://teamupturn.gitbooks.io/predictive-policing/content/systems/predpol.html","","Predictive Policing report","","2016","","","","","",""
"AOS0162","Modesto","Stanislaus County","CA","Modesto Police Department","Police","The Modesto Police Department began using PredPol (now Geolitica) predicitive policing software in January 2014.","Municipal","Predictive Policing","Geolitica","https://www.kcra.com/article/modesto-police-see-double-digit-drop-in-crime/6418110","","KRCA","","11/12/2014","","","","","","","","","","",""
"AOS0163","Riverside","Riverside County","CA","Riverside County Sheriff's Department","Sheriff","The Riverside and San Bernardino County Sheriff's Departments began sharing a face recognition database in 2012","County","Face Recognition","","https://onezero.medium.com/california-police-are-sharing-facial-recognition-databases-to-id-suspects-3317726d31ad","","OneZero","","8/1/2019","http://www.dataworksplus.com/newsarchives.html","","Dataworks Plus","","2012","https://yro.slashdot.org/story/19/08/01/1421232/california-police-are-sharing-facial-recognition-databases-to-id-suspects","","Slashdot","","8/1/2019",""
"AOS0164","San Bernardino","San Bernardino County","CA","San Bernardino County Sheriff's Department","Sheriff","The Riverside and San Bernardino County Sheriff's Departments began sharing a face recognition database in 2012","County","Face Recognition","","https://onezero.medium.com/california-police-are-sharing-facial-recognition-databases-to-id-suspects-3317726d31ad","","OneZero","","8/1/2019","http://www.dataworksplus.com/newsarchives.html","","Dataworks Plus","","2012","https://yro.slashdot.org/story/19/08/01/1421232/california-police-are-sharing-facial-recognition-databases-to-id-suspects","","Slashdot","","8/1/2019",""
"AOS0170","San Francisco","San Francisco County","CA","San Francisco Police Department","Police","The San Francisco Police Department purchased Axon body-worn cameras in 2014 as part of pilot program. It formalized its BWC policy in 2016. ","Municipal","Body-worn Cameras","Axon","https://www.sanfranciscopolice.org/sites/default/files/2018-11/COMMISSION-DGO-10.11-BODYWORNCAMERAS.pdf","","San Francisco Police Department","","06/01/2016","https://www.kqed.org/news/10556899/the-story-behind-the-sfpd-body-cam-programs-many-delays","","KQED","","06/18/2015","https://www.facebook.com/photo?fbid=10157148288670749&set=a.373798180748","","SFPD","","2019",""
"AOS0206","Alhambra","Los Angeles County","CA","Alhambra Police Department","Police","In January 2013, Alhambra Police Department became the agency in Southern California to use PredPol (now Geolitica) predictive policing software citywide.","Municipal","Predictive Policing","Geolitica","https://www.predpol.com/alhambra-police-laud-predpol-successes/","","Pasadena Star-News","","2/11/2014","https://www.cityofalhambra.org/resources/history-to-present","","City of Alhambra","","","https://web.archive.org/web/20130826212252/https://www.cityofalhambra.org/government/police_department/PredictivePolicing.html","","City of Alhambra","","",""
"AOS0207","Campbell","Santa Clara County","CA","Campbell Police Department","Police","In 2008, the Campbell Police Department purchased body-worn cameras with grant funding. The department has body-worn cameras for every officer assigned to the patrol division.","Municipal","Body-worn Cameras","Axon","https://issuu.com/cityofcampbell/docs/cpd_2014_yir_final","","Campbell Police Department","","4/28/2015","https://www.mercurynews.com/2015/11/24/santa-clara-police-outfits-officers-with-body-worn-cameras/","","Mercury News","","11/24/15","","","","","",""
"AOS0209","Clayton","Contra Costa County","CA","Clayton Police Department","Police","In 2018, the Clayton Police Department was authorized to purchase Axon body-worn cameras for roughly $33,000 per year for 5 years.","Municipal","Body-worn Cameras","Axon","https://ci.clayton.ca.us/fc/police/clayton-police-department-policy-manual.pdf","","Police Departmen","","02/20/2018","https://www.suisun.com/wp-content/files/Suisun_City_Council_Agenda_July_24_2018.pdf","","Suisun City Website","","06/24/2018","","","","","",""
"AOS0214","Modesto","Stanislaus County","CA","Modesto Police Department","Police","In 2018, Axon supplied 11 drones to the Modesto Police Department.  ","Municipal","Drones","Axon","https://sacramento.cbslocal.com/2018/06/13/modesto-police-drone-program/","","CBS Sacramento","","06/18/2018","https://dronecenter.bard.edu/projects/public-safety-drones-project/public-safety-drones-3rd-edition/","","Center for the Study of the Drone at Bard College","","2020","https://www.fool.com/investing/2018/06/11/axon-enterprise-takes-to-the-skies-with-dji.aspx","","www.fool.com","","",""
"AOS0216","San Mateo","San Mateo County","CA","San Mateo Police Department","Police","In February 2018, the San Mateo Police Department announced that all officers would be equipped with Axon body-worn cameras.","Municipal","Body-worn Cameras","Axon","https://local.nixle.com/alert/6397493/","","NIXLE","","2/8/2018","https://www.cityofsanmateo.org/3890/FAQ-Police-Body-Cameras","","City of San Mateo","","","https://www.cityofsanmateo.org/DocumentCenter/View/65023/Body-Worn-Camera-Policy","","City of San Mateo","","04/18/2018",""
"AOS0237","San Jose","Santa Clara County","CA","U.S. Customs and Border Protection - San Jose International Airport","DHS","The San Jose International Airport is one of 18 airports where Customs and Border Protection is using face recognition technology as of March 2019. An executive order signed by Pres. Trump in 2019 requires Customs and Border Protection to install face recognition technology at the United States' top 20 airports by 2021.","Federal","Face Recognition","","https://www.buzzfeednews.com/article/daveyalba/these-documents-reveal-the-governments-detailed-plan-for","","Buzzfeed","","3/11/2019","https://techcrunch.com/2020/03/12/homeland-security-airport-face-recognition/","","TechCrunch","","3/12/2020","","","","","",""
"AOS0238","Los Angeles","Los Angeles County","CA","U.S. Customs and Border Protection - Los Angeles International Airport","DHS","The Los Angeles International Airport  is one of 18 airports where Customs and Border Protection is using face recognition technology as of March 2019. An executive order signed by Pres. Trump in 2019 requires Customs and Border Protection to install face recognition technology at the United States' top 20 airports by 2021.","Federal","Face Recognition","","https://www.buzzfeednews.com/article/daveyalba/these-documents-reveal-the-governments-detailed-plan-for","","Buzzfeed","","3/11/2019","https://techcrunch.com/2020/03/12/homeland-security-airport-face-recognition/","","TechCrunch","","3/12/2020","","","","","",""
"AOS0241","San Francisco","San Francisco County","CA","U.S. Customs and Border Protection - San Francisco International Airport","DHS","The San Francisco International Airport is one of 18 airports where Customs and Border Protection is using face recognition technology as of March 2019. An executive order signed by Pres. Trump in 2019 requires Customs and Border Protection to install face recognition technology at the United States' top 20 airports by 2021.","Federal","Face Recognition","","https://www.buzzfeednews.com/article/daveyalba/these-documents-reveal-the-governments-detailed-plan-for","","Buzzfeed","","3/11/2019","https://techcrunch.com/2020/03/12/homeland-security-airport-face-recognition/","","TechCrunch","","3/12/2020","","","","","",""
"AOS0243","Salinas","Monterey County","CA","Salinas Police Department","Police","The Salinas Police Department acquired Axon body-worn cameras in 2014.","Municipal","Body-worn Cameras","Axon","https://www.salinaspd.com/content/salinas-police-department-wins-grant-to-buy-body-cameras","","Salinas Police department ","","12/01/14","https://www.thecalifornian.com/story/news/2019/02/08/salinas-police-name-officers-who-shot-man-replica-gun/2807031002/","","The Californian","","02/09/19","","","","","",""
"AOS0244","Santa Monica","Los Angeles County","CA","Santa Monica Police Department","Police","The Santa Monica Police Department purchased WatchGuard body-worn cameras in 2017, but switched to Axon BWCs in December 2018. 
","Municipal","Body-worn Cameras","Axon","https://www.smdp.com/new-body-cameras-approved-for-smpd/171893","","Santa Monica Daily Press","","01/03/2019","https://www.surfsantamonica.com/ssm_site/the_lookout/news/News-2018/December-2018/12_13_2018_Police_Department_to_Replace_Faulty_Camera_Systems.html","","Santa Monica Lookout","","12/13/2018","","","","","",""
"AOS0260","Pleasant Hill","Contra Costa County","CA","Pleasant Hill Police Department","Police","The Pleasant Hill police Department has used body-worn cameras since 2017.","Municipal","Body-worn Cameras","","https://www.eastbaytimes.com/2017/11/20/pleasant-hill-police-wearing-body-cameras/","","East Bay Times","","11/20/2017","https://www.facebook.com/photo?fbid=3174888282556068&set=a.181409508570642","","Pleasant Hill Police","","2020","","","","","",""
"AOS0263","Manteca","San Joaquin County","CA","Manteca Police Department","Police","The Manteca Police Department spent $70,000 on 50 body-worn cameras in 2014.","Municipal","Body-worn Cameras","","https://www.capradio.org/articles/2014/03/11/manteca-police-get-body-cameras/ ","","Capradio","","03/11/2014","","","","","","","","","","",""
"AOS0291","San Francisco","San Francisco County","CA","San Francisco District Attorney's Office","District Attorney","The San Francisco District Attorney's office maintains a camera registry. ","County","Camera Registry","","https://www.sfdistrictattorney.org/register-your-camera","","San Francisco Government Website","","","","","","","","","","","","",""
"AOS0292","Alameda","Alameda County","CA","Alameda Police Department","Police","The Alameda Police Department's policy manual indicates that all uniformed officers use body-worn cameras when in the field.","Municipal","Body-worn Cameras","Axon","https://www.alamedaca.gov/files/sharedassets/public/alameda/police/policy-manual.pdf","","Government page","","2/26/20","http://www.alamedamagazine.com/Debate-Continues-on-Alameda-Body-Camera-Usage/","","www.alamedamagazine.com","","","","","","","",""
"AOS0293","Albany","Alameda County","CA","Albany Police Department","Police","Albany Police Department uses Axon Body 2 body-worn cameras ,which they purchased in 2017.","Municipal","Body-worn Cameras","Axon","https://albanypd.files.wordpress.com/2016/02/albany-police-community-notification-17-1541.pdf","","City of Albany Department of Police","","11/2/17","https://albanypd.wordpress.com/","","albanypd.wordpress.com","","","","","","","",""
"AOS0294","Berkeley","Alameda County","CA","Berkeley Police Department","Police","The Berkeley Police Department uses body-worn cameras","Municipal","Body-worn Cameras","","https://www.cityofberkeley.info/uploadedFiles/Police/Level_3_-_General/Body_Worn_Cameras.pdf","","City of Berkeley","","1/31/19","https://www.google.com/url?sa=t&rct=j&q=&esrc=s&source=web&cd=1&ved=2ahUKEwiGocfikavpAhVMvZ4KHQsKCFAQFjAAegQIARAB&url=https%3A%2F%2Fwww.cityofberkeley.info%2FClerk%2FCity_Council%2F2017%2F06_June%2FDocuments%2F2017-06-27_Item_24_Contract__Axon.aspx&usg=AOvVaw0GZsLv1iKShRKn-cbghefP","","www.google.com","","","","","","","",""
"AOS0295","Emeryville","Alameda County","CA","Emeryville Police Department","Police","The Emeryville Police Department began using Vievu body-worn cameras in August 2015. The U.S. Department of Justice awarded $67,500 to the Emeryville Police Department in 2018 as part of the Bureau of Justice Assistance's body-worn camera grant program.","Municipal","Body-worn Cameras","Axon","https://www.eastbayexpress.com/oakland/the-police-body-cameras-wars/Content?oid=4612063","","East Bay Express","","12/16/2015","https://www.documentcloud.org/documents/6573650-BWCPIP-Award-Fact-2018Final.html","","U.S Department of Justice","","2018","","","","","",""
"AOS0296","Fremont","Alameda County","CA","Fremont Police Department","Police","The Fremont Police Department issued body-worn cameras to all sworn officers and non-sworn Animal Service Officers and Community Service Officers in November 2018.","Municipal","Body-worn Cameras","WatchGuard","https://www.fremontpolice.gov/about-us/transparency-portal/body-worn-cameras","","Fremont PD","","11/15/18","","","","","","","","","","",""
"AOS0297","Hayward","Alameda County","CA","Hayward Police Department","Police","The Hayward Police Department began using body-worn cameras in January 2016.","Municipal","Body-worn Cameras","Axon","https://www.facebook.com/HaywardPoliceDept/photos/a.629032127151028/1009326222454948/?type=1&theater","","Hayward PD","","1/28/2016","http://burbank.granicus.com/MetaViewer.php?view_id=6&clip_id=6889&meta_id=266915","","burbank.granicus.com","","","","","","","",""
"AOS0298","Livermore","Alameda County","CA","Livermore Police Department","Police","The Livermore Police Department began equipping all of its officers with body-worn cameras in April 2015.","Municipal","Body-worn Cameras","Axon","https://www.independentnews.com/news/all-livermore-police-now-wear-body-cameras/article_de1013e2-e92d-11e4-8d90-3ffa3ce4b78e.html","","The Independent","","4/23/2015","","","","","","","","","","",""
"AOS0299","Newark","Alameda County","CA","Newark Police Department","Police","The Newark Police Departmentpurchased 65 body-worn cameras from Vievu in May 2018.","Municipal","Body-worn Cameras","VieVu","https://www.eastbaytimes.com/2018/05/30/ebt-l-bodycams-0530/","","East Bay Times","","5/30/2018","","","","","","","","","","",""
"AOS0300","Oakland","Alameda County","CA","Oakland Police Department","Police","The Oakland Police Department uses Axon body-worn cameras. ","Municipal","Body-worn Cameras","Axon","https://abc7news.com/body-camera-police-cam-video-oakland-department/4536905/","","ABC7 News","","10/22/18","http://burbank.granicus.com/MetaViewer.php?view_id=6&clip_id=6889&meta_id=266915","","burbank.granicus.com","","","","","","","",""
"AOS0301","Piedmont","Alameda County","CA","Piedmont Police Department","Police","The Piedmont Police Department uses body-worn cameras. ","Municipal","Body-worn Cameras","Axon","https://piedmont.ca.gov/UserFiles/Servers/Server_13659739/File/Government/Departments/Police%20Department/Portable_Audio_Video_Recorders%20(2).pdf","","Piedmont PD","","10/22/2019","https://www.facebook.com/photo?fbid=524628928221195&set=a.524629078221180","","www.facebook.com","","","","","","","",""
"AOS0302","Pleasanton","Alameda County","CA","Pleasanton Police Department","Police","The Pleasanton Police Department purchased 86 Axon body-worn cameras in July 2015.","Municipal","Body-worn Cameras","Axon","https://investor.axon.com/press-releases/press-release-details/2015/Montgomery-County-Deploys-Axon-Body-Cameras-with-Evidencecom-From-TASER/default.aspx","","Axon.com","","07/22/2015","https://www.independentnews.com/news/officer-body-cam-video-shows-moments-before-suspect-s-death/article_7844dcd0-7f98-11ea-9192-1f8fb31f569b.html","","The Independent","","04/16/2020","https://www.facebook.com/photo/?fbid=2709249562454357&set=a.670443733001627","","Pleasanton PD","","12/6/2019",""
"AOS0303","San Leandro","Alameda County","CA","San Leandro Police Department","Police","The San Leandro Police Department uses Axon body-worn cameras. ","Municipal","Body-worn Cameras","Axon","https://www.facebook.com/photo/?fbid=2753329591345067&set=a.675734449104602","","San Leandro PD","","","http://burbank.granicus.com/MetaViewer.php?view_id=6&clip_id=6889&meta_id=266915","","burbank.granicus.com","","","","","","","",""
"AOS0304","Union City","Alameda County","CA","Union City Police Department","Police","The Union City Police Department's Facebook page includes photos of officers wearing Vievu LE5 body-cams.","Municipal","Body-worn Cameras","CopVu/Vievu","https://www.facebook.com/photo/?fbid=3210515102299161&set=a.1259337230750301","","Union City PD","","","http://burbank.granicus.com/MetaViewer.php?view_id=6&clip_id=6889&meta_id=266915","","burbank.granicus.com","","","","","","","",""
"AOS0305","Brentwood","Contra Costa County","CA","Brentwood Police Department","Police","The Brentwood Police Department's Facebook page features officers wearing the Axon Vievu LE5","Municipal","Body-worn Cameras","Axon","https://www.facebook.com/photo/?fbid=2335399619905980&set=a.862186870560603","","Brentwood PD","","","","","","","","","","","","",""
"AOS0306","Concord","Contra Costa County","CA","Concord Police Department","Police","The Concord Police Department's Facebook page features officers wearing the Axon Body 2.","Municipal","Body-worn Cameras","Axon","https://www.facebook.com/photo/?fbid=2341254335975962&set=a.643311435770269","","Concord PD","","","","","","","","","","","","",""
"AOS0307","Danville","Contra Costa County","CA","Danville Police Department","Police","The Danville Police Department's Facebook page features officers wearing the Axon Body 2 as of March 2020.","Municipal","Body-worn Cameras","Axon","https://www.facebook.com/photo?fbid=3090448944312881&set=a.275814919109645","","Danville PD","","2020","","","","","","","","","","",""
"AOS0308","Castro Valley","Contra Costa County","CA","East Bay Regional Park District PD","Police","The East Bay Regional Park District Police Department's Facebook page features officers wearing the Axon Body 2.","Municipal","Body-worn Cameras","Axon","https://www.facebook.com/photo/?fbid=2753903181386273&set=a.530715853705028","","Facebook ","","","","","","","","","","","","",""
"AOS0309","El Cerrito","Contra Costa County","CA","El Cerrito Police Department","Police","All El Cerrito Police Department officers use body-worn cameras when in the field.","Municipal","Body-worn Cameras","Axon","https://www.el-cerrito.org/CivicAlerts.aspx?AID=429","","ECPD","","","","","","","","","","","","",""
"AOS0310","Hercules","Contra Costa County","CA","Hercules Police Department","Police","The Hercules Police Department Facebook page features officers wearing the Axon Body 2.","Municipal","Body-worn Cameras","Axon","https://www.facebook.com/photo/?fbid=2932508036814501&set=a.1981403211924993","","Hercules PD","","","","","","","","","","","","",""
"AOS0311","Kensington","Contra Costa County","CA","Kensington Police Department","Police","The Kensington Police Department Facebook page features officers wearing the Axon Body 2.","Municipal","Body-worn Cameras","Axon","https://www.facebook.com/photo/?fbid=208339007278057&set=a.146806563431302","","Facebook ","","","","","","","","","","","","",""
"AOS0312","Lafayette","Contra Costa County","CA","Lafayette Police Department","Police","The Lafayette Police Department procured body cameras for its force in 2016. ","Municipal","Body-worn Cameras","","https://www.lovelafayette.org/home/showdocument?id=3607","","https://www.lovelafayette.org/home/showdocument?id=3607","","","","","","","","","","","","",""
"AOS0313","Moraga","Contra Costa County","CA","Moraga Police Department","Police","The Moraga Police Department began using body-worn cameras in 2015.","Municipal","Body-worn Cameras","VieVu","http://www.lamorindaweekly.com/archive/issue0902/Body-Worn-Cameras-for-Moraga-Police-Officers.html","","Lamorinda Weekly","","3/25/2015","http://www.moraga.ca.us/council/meetings/2015/040815/IX.%20A.%20PD%20Security%20Cameras%20and%20License%20Plate%20Readers.pdf","","www.moraga.ca.us","","","","","","","",""
"AOS0314","Oakley","Contra Costa County","CA","Oakley Police Department","Police","The Oakley Police Department began using body-worn cameras in 2017.","Municipal","Body-worn Cameras","","https://www.ci.oakley.ca.us/wp-content/uploads/2018/04/Annual-Report-2017-2-2.pdf","","The Oakley Police Department","","2/2/2017","https://romickinoakley.wordpress.com/2017/12/28/oakley-police-to-wear-body-cameras/","","romickinoakley.wordpress.com","","","","","","","",""
"AOS0315","Pinole","Contra Costa County","CA","Pinole Police Department","Police","The Pinole Police Department began using Axon body-worn cameras in October/November 2016.","Municipal","Body-worn Cameras","Axon","https://www.facebook.com/PinolePD/photos/smile-youre-on-camerathe-pinole-police-department-has-issued-body-cameras-to-eac/1210749592297690/","","Pinole Police Department","","11/2/2016","","","","","","","","","","",""
"AOS0316","Pittsburg","Contra Costa County","CA","Pittsburg Police Department","Police","The Pittsburg Police Department uses body-worn cameras and have policies regarding video usage.","Municipal","Body-worn Cameras","Axon","http://burbank.granicus.com/MetaViewer.php?view_id=6&clip_id=6889&meta_id=266915","","California Police Chiefs Association","","2015","","","","","","","","","","",""
"AOS0317","San Pablo","Contra Costa County","CA","San Pablo Police Department","Police","The San Pablo Police Department's Facebook page features officers wearing Axon Body 2 cameras as of May 2020. Policy manual reference page 410.","Municipal","Body-worn Cameras","Axon","https://www.facebook.com/photo?fbid=2631369020300764&set=a.267550666682623","","San Pablo Police","","2020","https://www.facebook.com/photo?fbid=2631369020300764&set=a.267550666682623","","www.facebook.com","","","","","","","",""
"AOS0318","San Ramon","Contra Costa County","CA","San Ramon Police Department","Police","The San Ramon Police Department's Facebook page pictures officers wearing the Reveal D3 body camera as of January 2019.","Municipal","Body-worn Cameras","Reveal D3","https://www.facebook.com/photo?fbid=2564762383550692&set=a.1157039010989710","","San Ramon PD","","2019","","","","","","","","","","",""
"AOS0319","Walnut Creek","Contra Costa County","CA","Walnut Creek Police Department","Police","The Walnut Creek Police Department Facebook page pictures officers wearing the Vievu LE5 body camera as of May 2020.","Municipal","Body-worn Cameras","VieVu","https://www.facebook.com/photo?fbid=4240883572592116&set=a.190517790962068","","Walnut Creek PD","","2020","","","","","","","","","","",""
"AOS0320","San Francisco","San Francisco County","CA","Presidio National Park Police","Police","The San Francisco Recreation and Park Department's Twitter account includes a photo of SF-based Park Rangers wearing the Axon Body 2.","Federal","Body-worn Cameras","Axon","https://twitter.com/RecParkSF/status/1039946329441492993/photo/1","","The San Francisco Recreation and Park Department","","09/12/2018","","","","","","","","","","",""
"AOS0321","Benicia","Solano County","CA","Benicia Police Department","Police","The Benicia Police Department has used CopVu/VieVu body-worn cameras since at least 2015.","Municipal","Body-worn Cameras","CopVu/VieVu","http://burbank.granicus.com/MetaViewer.php?view_id=6&clip_id=6889&meta_id=266915","","California Police Chiefs Association","","2015","","","","","","","","","","",""
"AOS0322","Dixon","Solano County","CA","Dixon Police Department","Police","The Dixon Police Department began using body-worn cameras in 2013.","Municipal","Body-worn Cameras","","https://dixonpolice.org/ArchiveCenter/ViewFile/Item/53","","Dixon PD","","2013","https://www.facebook.com/photo?fbid=2919902944760187&set=a.430488343701672","","www.facebook.com","","","","","","","",""
"AOS0323","Fairfield","Solano County","CA","Fairfield Police Department","Police","The Fairfield Police Department has used CopVu/VieVu body-worn cameras since at least 2014.","Municipal","Body-worn Cameras","CopVu/VieVu","https://www.kcra.com/article/fairfield-pd-issues-body-cameras-to-officers/6411584#","","KRCA","","2014","","","","","","","","","","",""
"AOS0324","Vacaville","Solano County","CA","Vacaville Police Department","Police","The Vacaville Police Department has used CopVu/VieVu body-worn cameras since at least 2015.","Municipal","Body-worn Cameras","CopVu/VieVu","http://burbank.granicus.com/MetaViewer.php?view_id=6&clip_id=6889&meta_id=266918","","California Police Chiefs Association","","2015","","","","","","","","","","",""
"AOS0325","Vallejo","Solano County","CA","Vallejo Police Department","Police","The Vallejo Police Department has had a contract with Axon since 2015. The contract was expanded in 2019.","Municipal","Body-worn Cameras","Axon","https://www.nytimes.com/2019/03/31/us/willie-mccoy-shooting-video.html","","New York Times","","3/31/19","https://www.facebook.com/photo?fbid=3345545785464555&set=a.243856312300200","","www.facebook.com","","","","","","","",""
"AOS0326","Cloverdale","Sonoma County","CA","Cloverdale Police Department","Police","The Cloverdale Police Department's Facebook page features officers wearing Axon Body 2 cameras as of December of 2019.","Municipal","Body-worn Cameras","Axon","https://www.facebook.com/photo/?fbid=2573377362783582&set=a.2468639579924028","","Cloverdale Police","","","","","","","","","","","","",""
"AOS0327","Cotati","Sonoma County","CA","Cotati Police Department","Police","The Cotati Police Department's Facebook page features officers wearing the Axon Body 2 as of March 2020.","Municipal","Body-worn Cameras","Axon","https://www.facebook.com/photo/?fbid=690508344820969&set=a.178634729341669","","Cotati Police","","","","","","","","","","","","",""
"AOS0328","Healdsburg","Sonoma County","CA","Healdsburg Police Department","Police","The Healdsburg Police Officer's Association Facebook page includes officers wearing Axon Body 2 cameras as of December 2019.","Municipal","Body-worn Cameras","Axon","https://www.facebook.com/photo/?fbid=2568289570114293&set=a.1574398052836788","","Healdsburg Police Officer's Association","","2019","","","","","","","","","","",""
"AOS0329","Rohnert Park","Sonoma County","CA","Rohnert Park Department of Public Safety","Police","The Rohnert Park Police Department's Facebook page features officers wearing the Axon Body 2 camera as of April 2020.","Municipal","Body-worn Cameras","Axon","https://www.facebook.com/photo/?fbid=3325465290814563&set=a.814792865215164","","Rohnert Park Police","","2020","","","","","","","","","","",""
"AOS0330","Sebastopol","Sonoma County","CA","Sebastopol Police Department","Police","The Sebastopol Police Department's Facebook page features officers wearing the Axon Body 2 camera as of November 2019.","Municipal","Body-worn Cameras","Axon","https://www.facebook.com/photo/?fbid=1766221933508081&set=a.573103212819965","","Sebastopol PD","","2019","","","","","","","","","","",""
"AOS0331","Sonoma","Sonoma County","CA","Sonoma Police Department","Police","The Sonoma Police Department's Facebook page features officers wearing the Axon Body 2 camera as of March 2020.","Municipal","Body-worn Cameras","Axon","https://www.facebook.com/photo/?fbid=666861810795674&set=a.305395120275680","","Sonoma PD","","2020","","","","","","","","","","",""
"AOS0332","Sonoma","Sonoma County","CA","Windsor Police Department","Police","The Windsor Police Department's Facebook page features officers wearing the Axon Body 2 camera as of May 2019.","Municipal","Body-worn Cameras","Axon","https://www.facebook.com/photo/?fbid=2399952556903080&set=a.1948221215409552","","Windsor PD","","2019","","","","","","","","","","",""
"AOS0333","Alameda","Alameda County","CA","Alameda Police Department","Police","The Alameda Police Department maintain a voluntary camera registry called We Share Electronic Evidence (We SEE).","Municipal","Camera Registry","","https://www.eastbaytimes.com/2018/02/28/police-to-enlist-alameda-security-camera-owners-to-solve-crimes/","","East Bay Citizen","","02/26/2018","https://www.alamedaca.gov/Departments/Police-Department/COPPS","","Alameda County Website","","","","","","","",""
"AOS0334","Albany","Alameda County","CA","Albany Police Department","Police","The Albany Police Department launched a voluntary security camera registration program for residential and commercial security cameras in January 2020.","Municipal","Camera Registry","","https://www.albanyca.org/Home/Components/News/News/9888/","","City of Albany","","1/13/2020","","","","","","","","","","",""
"AOS0335","Livermore","Alameda County","CA","Livermore Police Department","Police","The Livermore Police Department asks residents to register their private video surveillance at their home or business and allow officers to contact them should a crime occur in or near where your cameras are installed.","Municipal","Camera Registry","","http://www.cityoflivermore.net/citygov/police/crime/surveillance.htm","","Livermore Police ","","","","","","","","","","","","",""
"AOS0336","Newark","Alameda County","CA","Newark Police Department","Police","The Newark Police Department encourages residents to register surveillance cameras with them to assist the police department in deterring criminal activity and capturing violators.","Municipal","Camera Registry","","https://www.newark.org/departments/police/protect-yourself/security-camera-registration","","Newark Police","","","","","","","","","","","","",""
"AOS0337","San Leandro","Alameda County","CA","San Leandro Police Department","Police","The San Leandro Police Department website includes a camera registration page.","Municipal","Camera Registry","","https://www.sanleandro.org/depts/pd/programs/video_surveillance_camera_registration/default.asp","","San Leandro PD","","","","","","","","","","","","",""
"AOS0338","Clayton","Contra Costa County","CA","Clayton Police Department","Police","The Clayton Police Department maintains a camera registry.","Municipal","Camera Registry","","https://ci.clayton.ca.us/police/forms-permits/","","Clayton PD","","","","","","","","","","","","",""
"AOS0339","Concord","Contra Costa County","CA","Concord Police Department","Police","The Concord Police Department maintains a camera registry.","Municipal","Camera Registry","","https://pdpermits.ci.concord.ca.us/","","Concord PD","","","","","","","","","","","","",""
"AOS0340","Moraga","Contra Costa County","CA","Moraga Police Department","Police","The Moraga Police Departments asks residents and businesses to register their private security cameras with the police department to assist with solving crimes","Municipal","Camera Registry","","https://police.moraga.ca.us/links.php","","Moraga Police Department","","","","","","","","","","","","",""
"AOS0341","Oakley","Contra Costa County","CA","Oakley Police Department","Police","The Oakley Police Department asks residents and businesses to register their personal security cameras with the Neighborhood Security Camera Registration Program to assist with crime investigations.","Municipal","Camera Registry","","https://www.ci.oakley.ca.us/neighborhood-security-camera-registration-program/","","The Oakley Police Department","","","","","","","","","","","","",""
"AOS0342","Pleasant Hill","Contra Costa County","CA","Pleasant Hill Police Department","Police","The Pleasant Hill Police Department maintains a camera registry. ","Municipal","Camera Registry","","http://www.ci.pleasant-hill.ca.us/577/Community-Security-Camera-Registration","","Pleasant Hill city webpage","","2018","","","","","","","","","","",""
"AOS0343","San Ramon","Contra Costa County","CA","San Ramon Police Department","Police","The San Ramon Police Department maintains a camera registry. ","Municipal","Camera Registry","","http://www.sanramon.ca.gov/cms/one.aspx?portalId=10826130&pageId=11967567","","San Ramon PD","","","http://www.sanramon.ca.gov/our_city/departments_and_divisions/police/crime_prevention/citizens_view","","www.sanramon.ca.gov","","","","","","","",""
"AOS0344","Fairfield","Solano County","CA","Fairfield Police Department","Police","The Fairfield Police Department has a community partnership that allows residents and businesses that have security video cameras on their property to register them with the police department.","Municipal","Camera Registry","","https://www.fairfield.ca.gov/gov/depts/police/video_surveillance_camera_registration.asp","","City of Fairfield","","","","","","","","","","","","",""
"AOS0345","Cotati","Sonoma County","CA","Cotati Police Department","Police","The Cotati Police Department maintains a camera regisry. ","Municipal","Camera Registry","","http://www.cotaticity.org/cms/one.aspx?portalId=9669197&pageId=16637950","","Cotati Police","","2020","","","","","","","","","","",""
"AOS0346","Rohnert Park","Sonoma County","CA","Rohnert Park Department of Public Safety","Police","The Rohnert Park Department of Public Safety maintains a camera registry. ","Municipal","Camera Registry","","https://www.ci.rohnert-park.ca.us/city_hall/departments/public_safety/rohnert_park_on_watch-_video_surveillance_program","","Rohnert Park Police","","","","","","","","","","","","",""
"AOS0347","Santa Rosa","Sonoma County","CA","Santa Rosa Police Department","Police","The Santa Rosa Police Department website includes an interface for the city's surveillance camera registry.","Municipal","Camera Registry","","https://srcity.org/3124/Security-Camera-Registry","","Santa Rosa Police Department","","","","","","","","","","","","",""
"AOS0348","Oakland","Alameda County","CA","Alameda County Sheriff's Office","Sheriff","The Alameda County Sheriff's Office began using Axon body-worn cameras in June 2017.","County","Body-worn Cameras","Axon","http://www.alamedamagazine.com/October-2017/Leaving-Their-Cameras-Off/index.php?cparticle=2&siarticle=1","","Alameda Magazine","","10/2/17","https://www.bwcscorecard.org/static/policies/2017-03-09%20Alameda%20County%20BWC%20Policy.pdf","","Alameda County Sheriff's Office","","03/09/2017","https://www.prnewswire.com/news-releases/alameda-county-sheriffs-office-changes-body-worn-video-platform-moves-to-axon-network-300452661.html","","Axon","","5/8/2017",""
"AOS0349","Martinez","Contra Costa County","CA","Contra Costa County Sheriff's Office","Sheriff","The Contra Costa County Sheriff's Office has 52 body-worn cameras.","County","Body-worn Cameras","","https://www.muckrock.com/foi/contra-costa-county-3034/california-public-records-request-body-worn-cameras-office-of-the-sheriff-contra-costa-county-79393/#file-813978","","MuckRock","","9/19/19","","","","","","","","","","",""
"AOS0350","San Francisco","San Francisco County","CA","San Francisco Sheriff's Office","Sheriff","The San Francisco Sheriff's Office uses Axon body-worn cameras in San Francisco jails.","County","Body-worn Cameras","Axon","https://www.sfexaminer.com/news/sheriff-seeks-400k-to-expand-body-camera-program-to-all-sf-jails/","","SF Examiner","","4/8/18","","","","","","","","","","",""
"AOS0351","Fairfield","Solano County","CA","Solano County Sheriff's Office","Sheriff","The Solano County Sheriff's Office uses Axon body-worn cameras.","County","Body-worn Cameras","Axon","https://www.facebook.com/SolanoSheriff/posts/1504788399658551?comment_id=1504946012976123","","Solano County Sheriff's Office Facebook page","","6/2/19","","","","","","","","","","",""
"AOS0352","Sonoma","Sonoma County","CA","Sonoma County Sheriff's Office","Sheriff","The Sonoma County Sheriff's Office uses at least 250 body-worn cameras.","County","Body-worn Cameras","Axon","https://static1.squarespace.com/static/542ec317e4b0d41ade8801fb/t/5e2b377d92071f435adcd5ff/1579890557865/Body_Worn_Cameras_and_Audio_Recorders.pdf","","Government page","","","https://legacy.pressdemocrat.com/news/5461170-181/which-sonoma-county-law-enforcement","","The Press Democrat","","04/05/2016","https://www.pressdemocrat.com/news/5461170-181/which-sonoma-county-law-enforcement","","www.pressdemocrat.com","","",""
"AOS0353","Martinez","Contra Costa County","CA","Contra Costa County Sheriff's Office","Sheriff","The Contra Costa County's Sheriff's Office allows residents to voluntarily register their camera. ","County","Camera Registry","","https://www.facebook.com/224837426560/photos/a.10150921147786561/10156350813066561/?type=3&theater","","CONTRA COSTA SHERIFF-OFFICIAL PAGE","","10/2/19","http://cocosheriff.org/bureaus/field_operations/investigations/community_service/default.htm","","cocosheriff.org","","","","","","","",""
"AOS0354","Oakland","Alameda County","CA","BART Police","Police","The BART Police use Axon body-worn cameras.","Transit","Body-worn Cameras","Axon","https://www.bart.gov/sites/default/files/docs/06.%20BPD%20Policy%20451%20-%20Body%20Worn%20Camera_0.pdf","","BART Police","","3/29/2019","","","","","","","","","","",""
"AOS0355","Berkeley","Alameda County","CA","University of California Berkeley Police Department","Police","The UC Berkeley Police Department's Facebook page features officers wearing the Axon Body 2 camera as of May 2020.","University","Body-worn Cameras","Axon","https://www.facebook.com/photo?fbid=10163625375280594&set=a.10152189053410594","","UC Berkeley PD","","2020","","","","","","","","","","",""
"AOS0392","El Centro","Imperial County","CA","Imperial County Sheriff's Office","Sheriff","The U.S. Department of Justice awarded $74,770 to the Imperial County Sheriffs Office in 2015 as part of the Bureau of Justice Assistance's body-worn camera grant program.","County","Body-worn Cameras","","https://www.documentcloud.org/documents/6573651-2015-BWCPIP-Award-Fact-Sheet.html","","U.S Department of Justice","","2015","https://www.kyma.com/news/sheriffs-office-uses-body-worn-cameras-to-fight-crime/279871731","","www.kyma.com","","","http://imperial.granicus.com/MetaViewer.php?view_id=2&clip_id=830&meta_id=117572","","imperial.granicus.com","","",""
"AOS0393","Pasadena","Los Angeles County","CA","Pasadena Police Department","Police","The Pasadena Police Department uses body-worn cameras. ","Municipal","Body-worn Cameras","","https://www.cityofpasadena.net/wp-content/uploads/sites/28/Body-Worn-Cameras.pdf","","Pasadena police department ","","","","","","","","","","","","",""
"AOS0394","San Bernardino","San Bernardino County","CA","San Bernardino Police Department","Police","The U.S. Department of Justice awarded $546,502 to the San Bernardino Police Department in 2015 as part of the Bureau of Justice Assistance's body-worn camera grant program.","Municipal","Body-worn Cameras","","https://www.documentcloud.org/documents/6573651-2015-BWCPIP-Award-Fact-Sheet.html","","U.S Department of Justice","","2015","https://www.prnewswire.com/news-releases/sacramento-san-bernardino-and-pittsburgh-police-deploy-cameras-on-the-axon-network-300427454.html","","PR Newswire","","03/22/2017","https://www.sbsun.com/2017/12/08/san-bernardino-police-department-to-receive-new-body-cameras-tasers-vehicles/","","San Bernardino Sun","","12/08/2017",""
"AOS0395","Sacramento","Sacramento County","CA","Sacramento Police Department","Police","All Sacramento Police Department officers wear body-worn cameras. ","Municipal","Body-worn Cameras","","https://www.cityofsacramento.org/Police/Transparency/Body-Worn-Camera-Project","","City of Sacramento Police Department","","01/16/2019","","","","","","","","","","",""
"AOS0396","Bell","Los Angeles County","CA","Bell Police Department","Police","The U.S. Department of Justice awarded $52,500 to the Bell Police Department in 2018 as part of the Bureau of Justice Assistance's body-worn camera grant program.","Municipal","Body-worn Cameras","","https://www.documentcloud.org/documents/6573650-BWCPIP-Award-Fact-2018Final.html","","U.S Department of Justice","","2018","","","","","","http://www.cityofbell.org/Home/ShowDocument?id=12281","","www.cityofbell.org","","",""
"AOS0397","Fresno","Fresno County","CA","Fresno Police Department","Police","The Fresno Police Department purchased 400 body-worn cameras for $2.6 million as part of a five-year contract. The agency has used BWCs since 2015. ","Municipal","Body-worn Cameras","","https://www.yourcentralvalley.com/feature-police-body-cams/","","Your Central Valley","","02/07/2017","https://www.documentcloud.org/documents/6573653-2017-BWCPIP-Awards.html","","U.S Department of Justice","","2017","","","","","",""
"AOS0398","Gustine","Merced County","CA","Gustine Police Department","Police","The U.S. Department of Justice awarded $54,000 to the Gustine Police Department in 2018 as part of the Bureau of Justice Assistance's body-worn camera grant program.","Municipal","Body-worn Cameras","","https://www.documentcloud.org/documents/6573650-BWCPIP-Award-Fact-2018Final.html","","U.S Department of Justice","","2018","http://www.westsideconnect.com/news/local_news/gpd-looking-to-finalize-body-cam-grant/article_eca6be66-3626-11e9-b9e3-1fc4969ee105.html","","www.westsideconnect.com","","","","","","","",""
"AOS0399","Santa Ana","Orange County","CA","Santa Ana Police Department","Police","The Santa Ana Police Department obtained body-worn cameras in 2017.","Municipal","Body-worn Cameras","Axon","https://www.ocregister.com/2017/05/03/santa-ana-police-to-be-equipped-with-body-cameras-after-council-approves-1-4-million-five-year-agreement/","","The Orange County Register","","05/03/2017","https://voiceofoc.org/2017/05/santa-ana-police-to-start-wearing-body-cameras-this-summer/","","Voice of Orange County","","05/08/2017","https://www.ocregister.com/2015/02/25/santa-ana-police-department-researching-body-cameras/","","Orange County Register","","02/25/2015",""
"AOS0400","Santa Rosa","Sonoma County","CA","Santa Rosa Police Department","Police","The Santa Rosa Police Department obtained VieVu body-worn cameras in 2015, but the department switch to Axon cameras in 2017.","Municipal","Body-worn Cameras","Axon","https://www.facebook.com/SantaRosaPoliceDepartment/posts/494695990652936?comment_tracking=%7B%22tn%22%3A%22O%22%7D","","Santa Rosa PD Facebook Page","","5/2/2014","https://www.pressdemocrat.com/news/7386686-181/santa-rosa-police-body-camera?sba=AAS","","Press Democrat","","11/5/2017","https://www.pressdemocrat.com/news/8947023-181/santa-rosa-police-officers-risk?sba=AAS","","Press Democrat","","11/12/2018",""
"AOS0401","Coalinga","Fresno County","CA","Coalinga Police Department","Police","The Coalinga Police Department began using body-worn cameras in 2017. ","Municipal","Body-worn Cameras","","https://www.yourcentralvalley.com/news/coalinga-police-activating-body-cameras-in-july/","","YourCentralValley.com","","04/24/2017","https://bja.ojp.gov/sites/g/files/xyckuh186/files/bwc/pdfs/BWCPIP-Factsheet-2016-Update-Final.pdf","","Bureau of Justice Assistance","","2016","","","","","",""
"AOS0402","Riverside","Riverside County","CA","Riverside County Sheriff's Department","Sheriff","The Riverside County Sheriff's Department received a $578,000 U.S. Department of Justice grant to outfit all officers with body-worn cameras in 2016. ","County","Body-worn Cameras","VieVu","https://www.pe.com/2016/10/01/all-riverside-county-deputies-to-have-body-worn-cameras-within-2-years-update-2/","","The Press-Enterprise","","10/01/2016","https://www.ocregister.com/2017/02/23/body-cameras-are-becoming-the-norm-in-southern-california/","","The Orange County Register","","02/23/2017","https://patch.com/california/temecula/all-temecula-area-sheriffs-patrol-deputies-be-outfitted-body-cameras","","California News Wire Services","","11/01/2016",""
"AOS0403","Visalia","Tulare County","CA","Tulare County Sheriff's Office","Sheriff","The U.S. Department of Justice awarded $97,432 to the Tulare County Sheriff's Office in 2016 as part of the Bureau of Justice Assistance's body-worn camera grant program.","County","Body-worn Cameras","","https://www.documentcloud.org/documents/6573652-2016-BWCPIP-Factsheet-2016-Final.html","","U.S Department of Justice","","2016","https://abc30.com/society/tulare-county-correctional-deputies-will-soon-wear-body-cameras-thanks-to-federal-grant/1550776/","","abc30.com","","","https://www.facebook.com/vtdnews/posts/10154452695761233?comment_tracking=%7B%22tn%22%3A%22O%22%7D","","www.facebook.com","","",""
"AOS0404","Covina","Los Angeles County","CA","Covina Police Department","Police","The Covina Police Department was awarded $187,000 in U.S. Department of Justice funds in 2016 to implement body-worn cameras. As of 2020, the program was still in development. ","Municipal","Body-worn Cameras","","https://covinaca.gov/sites/default/files/fileattachments/police/page/1048/covina_pd_strategic_plan_2020_21_external_print_1.pdf","","City of Covina","","2020-2021","https://covinaca.gov/sites/default/files/fileattachments/police/page/1048/community_october_2019_monthly_report.pdf","","City of Covina","","2019","https://covinaca.gov/sites/default/files/fileattachments/finance/page/3131/fy_2017_cip_with_cover_page.pdf","","City of Covina","","2017",""
"AOS0405","Emeryville","Alameda County","CA","Emeryville Police Department","Police","The U.S. Department of Justice awarded $67,500 to the Emeryville Police Department in 2018 as part of the Bureau of Justice Assistance's body-worn camera grant program.","Municipal","Body-worn Cameras","","https://www.documentcloud.org/documents/6573650-BWCPIP-Award-Fact-2018Final.html","","U.S Department of Justice","","2018","https://emeryville.legistar.com/LegislationDetail.aspx?ID=3705923&GUID=4576F71A-E53F-44B3-A02F-C51B41BCE86A&Options=&Search=","","emeryville.legistar.com","","","https://ci.emeryville.ca.us/DocumentCenter/View/11443/RFP-Emeryville-PD-BWC-Solution---Vendor-Questions-04-25-19","","ci.emeryville.ca.us","","",""
"AOS0407","Los Altos","Santa Clara County","CA","Foothill De Anza Police Department","Police","The U.S. Department of Justice awarded $27,194 to the Foothill De Anza Police Department in 2016 as part of the Bureau of Justice Assistance's body-worn camera grant program.","University","Body-worn Cameras","","https://www.documentcloud.org/documents/6573652-2016-BWCPIP-Factsheet-2016-Final.html","","U.S Department of Justice","","2016","https://www.mercurynews.com/2018/03/22/de-anza-college-police-start-wearing-body-cameras/","","www.mercurynews.com","","","https://lavozdeanza.com/news/2018/03/16/de-anza-college-campus-police-issued-body-worn-cameras/","","lavozdeanza.com","","",""
"AOS0408","Fort Bragg","Mendocino County","CA","Fort Bragg Police Deparment","Police","The Fort Bragg Police Department purchased 10 body-worn cameras in 2016 using federal grant money. ","Municipal","Body-worn Cameras","","https://city.fortbragg.com/DocumentCenter/View/6881/01-04-18-City-Notes-PDF?bidId=","","City of Fort Bragg","","01/04/2019","https://city.fortbragg.com/DocumentCenter/View/9338/3955-2016","","City of Fort Bragg","","01/29/2020","","","","","",""
"AOS0409","Hermosa Beach","Los Angeles County","CA","Hermosa Beach Police Department","Police","The Hermosa Beach Police Department received a $250,000 federal grant to supply officers with body-worn cameras in 2017. ","Municipal","Body-worn Cameras","","https://www.lavistamchs.com/?p=23998","","Mira Costa La Vista ","","05/02/2016","http://californiaconsulting.org/california-consulting-congratulates-hermosa-beach-police-department-awarded-41681-fy17-body-worn-camera-policy-implementatioin-program/","","California Consulting ","","09/21/2017","https://tbrnews.com/news/hermosa-beach-applying-for-grant-to-partially-fund-police-body/article_64ef5a3e-01ca-11e6-bbe7-ff0703ca2b38.html","","The Beach Reporter ","","04/13/2016",""
"AOS0410","Bakersfield","Kern County","CA","Bakersfield Police Department","Police","The Bakersfield Police Department received funding to outfit all police officers with Axon body-worn cameras by spring 2020. ","Municipal","Body-worn Cameras","Axon","https://www.bakersfield.com/news/bpd-to-deploy-body-cameras-to-all-officers-in-three/article_4da3e5ce-dbf7-11e9-b07e-4f7a8f9412ab.html","","Bakersfield","","09/20/2019","https://www.kget.com/news/local-news/bakersfield-city-council-approves-funding-for-officer-body-cameras-homeless-shelter-costs-new-fire-engines/","","KGET.com","","02/19/2020","","","","","",""
"AOS0411","Los Angeles","Los Angeles County","CA","Los Angeles County Sheriff's Department","Sheriff","The Los Angeles County Sheriff's Department budgeted $35 million to purchase body-worn cameras in 2019-2020.","County","Body-worn Cameras","","https://laist.com/2020/01/17/los-angeles-sheriffs-department-body-camera-policy.php","","LA List ","","01/17/2020","https://patch.com/california/southpasadena/la-sheriffs-plans-deputies-wear-body-cameras","","Patch ","","09/04/2019","https://signalscv.com/2019/09/county-supervisors-vote-for-lasd-deputies-to-wear-body-cameras/","","The Signal","","09/24/2019",""
"AOS0412","Nevada City","Nevada County","CA","​Bloomington Police Department","Sheriff","The U.S. Department of Justice awarded $123,000 to the Nevada County Sheriff's Office in 2018 as part of the Bureau of Justice Assistance's body-worn camera grant program.","County","Body-worn Cameras","","https://www.documentcloud.org/documents/6573650-BWCPIP-Award-Fact-2018Final.html","","U.S Department of Justice","","2018","https://yubanet.com/regional/ncso-grant-application-for-body-worn-cameras-approved/","","yubanet.com","","","https://www.mynevadacounty.com/CivicAlerts.aspx?AID=671","","www.mynevadacounty.com","","",""
"AOS0413","Petaluma","Sonoma County","CA","Petaluma Police Department","Police","The Petaluma Police Department obtained body-worn cameras in 2014. It purchased 70 new BWCs in 2019.","Municipal","Body-worn Cameras","Axon","https://www.petaluma360.com/news/9827231-181/petaluma-police-invest-in-evidence?sba=AAS","","The Petaluma Argus-Courier","","07/27/2019","https://www.facebook.com/PetalumaPoliceDepartment/photos","","Petaluma Police","","2020","","","","","",""
"AOS0414","Redondo Beach","Los Angeles County","CA","Redondo Beach Police Department","Police","The U.S. Department of Justice awarded $190,000 to the Redondo Beach Police Department in 2019 as part of the Bureau of Justice Assistance's body-worn camera grant program.","Municipal","Body-worn Cameras","","https://bja.ojp.gov/funding/awards/2019-bc-bx-0077","","U.S Department of Justice","","2019","","","","","","","","","","",""
"AOS0415","Redwood City","San Mateo County","CA","Redwood City Police Department","Police","The U.S. Department of Justice awarded $150,146 to the Redwood City Police Department in 2018 as part of the Bureau of Justice Assistance's body-worn camera grant program.","Municipal","Body-worn Cameras","","https://www.documentcloud.org/documents/6573650-BWCPIP-Award-Fact-2018Final.html","","U.S Department of Justice","","2018","https://www.ravenreport.org/3291/oped/body-worn-cameras-a-first-step-towards-improving-police-community-relations/","","www.ravenreport.org","","","https://www.smdailyjournal.com/news/local/cameras-urged-for-all-police-civil-grand-jury-all-departments/article_45591424-2fc1-5ad4-aca1-d245013633c0.html","","www.smdailyjournal.com","","",""
"AOS0416","Riverside","Riverside County","CA","Riverside Police Department","Police","The Riverside Police Department had 44 Coban body-worn cameras as of 2017. ","Municipal","Body-worn Cameras","Coban","https://riversideca.gov/transparency/results/PDF/2018/Quarterly%20Report_2018_2nd%20Fiscal.PDF","","Riverside ","","2018","","","","","","","","","","",""
"AOS0417","San Luis Obispo","San Luis Obispo County","CA","San Luis Obispo Police Department","Police","The San Luis Obispo Police Department uses body-worn cameras.","Municipal","Body-worn Cameras","Axon","https://www.newtimesslo.com/sanluisobispo/slopd-to-pilot-body-camera-program/Content?oid=2938026","","New Times","","09/16/2015","https://www.sanluisobispo.com/news/local/crime/article234523477.html","","The Tribune","","09/29/2019","https://www.kcbx.org/post/police-body-camera-testing-san-luis-obispo-just-about-complete#stream/0","","KCBX FM Central Coast public radio ","","04/21/2016",""
"AOS0418","Simi Valley","Ventura County","CA","Simi Valley Police Department","Police","The U.S. Department of Justice awarded $187,500 to the Simi Valley Police Department in 2016 as part of the Bureau of Justice Assistance's body-worn camera grant program.","Municipal","Body-worn Cameras","","https://www.documentcloud.org/documents/6573652-2016-BWCPIP-Factsheet-2016-Final.html","","U.S Department of Justice","","2016","https://www.vcstar.com/story/news/local/communities/simi-valley/2019/09/25/simi-valley-city-council-authorizes-money-police-body-cameras/2428868001/","","www.vcstar.com","","","https://www.simivalleyacorn.com/articles/body-cams-okd/","","www.simivalleyacorn.com","","",""
"AOS0419","Visalia","Tulare County","CA","Visalia Police Department","Police","The Visalia Police Department received a $153,000 matching grant from the U.S. Department of Justice in 2017 to purchase body-worn cameras. The initial program covered 119 uniformed officers. ","Municipal","Body-worn Cameras","Axon","https://www.visaliatimesdelta.com/story/news/2017/11/10/visalia-police-get-body-cameras/852624001/","","Visalia Times Delta","","11/10/17","https://abc30.com/visalia-police-officers-to-wear-body-cameras-/2689031/","","ABC 30","","","","","","","",""
"AOS0704","Los Angeles","Los Angeles County","CA","Los Angeles Police Department","Police","The U.S. Department of Justice awarded $1,710,000 to the Los Angeles Police Department from 2015-2019 as part of the Bureau of Justice Assistance's body-worn camera grant program.","Municipal","Body-worn Cameras","","https://bja.ojp.gov/funding/awards/2019-bc-bx-0024","","U.S Department of Justice","","2019","https://www.documentcloud.org/documents/6573651-2015-BWCPIP-Award-Fact-Sheet.html","","U.S Department of Justice","","2015","https://www.latimes.com/local/lanow/la-me-ln-lapd-body-cameras-20150921-story.html","","www.latimes.com","","",""
"AOS0715","Calexico","Imperial County","CA","Calexico Police Department","Police","The Calexico Police Department adopted body-worn cameras in 2016. The department purchased 40 units for its officers.","Municipal","Body-worn Cameras","","http://kyma.dgt.me/calexico-police-start-using-body-cams/","","KYMA","","06/30/2016","","","","","","","","","","",""
"AOS0716","El Centro","Imperial County","CA","El Centro Police Department","Police","The El Centro Police Department has used body-worn cameras since 2013.","Municipal","Body-worn Cameras","VieVu","http://www.elcentrochamber.org/news/details/el-centro-police-outfitted-with-body-cameras","","El Centro Chamber of Conference","","08/14/2014","","","","","","","","","","",""
"AOS0717","El Centro","Imperial County","CA","Imperial County Sheriff's Office","Sheriff","The Imperial County Sheriff's Office purchased 100 body-worn cameras for $74,770. ","County","Body-worn Cameras","","https://www.kyma.com/news/sheriffs-office-uses-body-worn-cameras-to-fight-crime/279871731","","KYMA","","01/19/2017","","","","","","","","","","",""
"AOS0718","San Marcos","San Diego County","CA","California State University San Marcos Police Department","Police","California State University San Marcos Police Department issues Axon body-worn cameras to all uniformed officers.","University","Body-worn Cameras","Axon","https://www.csusm.edu/police/bodyworncameras/body.worn.camera.faq.pdf","","California State University Police Department","","","","","","","","","","","","",""
"AOS0719","Carlsbad","San Diego County","CA","Carlsbad Police Department","Police","The Carlsbad Police Department launched its body-worn camera program in 2016.","Municipal","Body-worn Cameras","","http://www.carlsbadca.gov/civicax/filebank/blobdload.aspx?BlobID=31239","","City of Carlsbad California Website","","08/01/2016","https://www.sandiegouniontribune.com/communities/north-county/sd-no-body-cameras-20161031-story.html","","","","","","","","","",""
"AOS0720","Coronado","San Diego County","CA","Coronado Police Department","Police","In 2012, the Coronado Police Department became the first law enforcement agency in San Diego County to adopt body-worn cameras. ","Municipal","Body-worn Cameras","","https://www.sandiegouniontribune.com/sdut-mini-cameras-cops-wear-new-crime-fighting-tool-2012jan01-story.html","","San Diego Union Tribune","","01/01/2012","","","","","","","","","","",""
"AOS0721","El Cajon","San Diego County","CA","El Cajon Police Department","Police","The El Cajon Police Department launched its body-worn camera program in 2016 with the purchase of 87 Axon cameras for about $160,000.  ","Municipal","Body-worn Cameras","Axon","https://www.sandiegouniontribune.com/news/public-safety/sd-me-body-cameras-20161215-story.html","","San Diego Union Tribune","","12/19/2016","","","","","","","","","","",""
"AOS0722","Escondido","San Diego County","CA","Escondido Police Department","Police","The Escondido Police Department has body-worn cameras since 2010.  In June 2019, the Escondido City Council approved a 3-year, $405,000 contract with Axon for 166 cameras.","Municipal","Body-worn Cameras","Axon","https://www.documentcloud.org/documents/6383645-escondido06-05-19CCAgendaPacket.html#document/p73","","Escondido City Council Minutes","","06/05/2019","https://www.documentcloud.org/documents/6383724-Escondido.html","","","","","https://www.documentcloud.org/documents/6573652-2016-BWCPIP-Factsheet-2016-Final.html","","U.S Department of Justice","","2016",""
"AOS0723","La Mesa","San Diego County","CA","La Mesa Police Department","Police","The La Mesa Police Department began testing body-worn cameras in 2018. As of September 2019, images posted on Facebook show that officers are indeed wearing BWCs. ","Municipal","Body-worn Cameras","","https://www.facebook.com/lamesapolicedepartment/photos/a.139743763041488/976299639385892/?type=3&theater","","Facebook","","08/19/2019","https://www.baltimoresun.com/sd-se-lamesa-police-20180329-story.html","","","","","","","","","",""
"AOS0724","San Diego","San Diego County","CA","San Diego County Sheriff's Department","Sheriff","The San Diego Sheriff's Department  had 1,348 Axon body-worn cameras as of Dec 2018.","County","Body-worn Cameras","Axon","https://www.muckrock.com/foi/san-diego-county-55/california-public-records-request-body-worn-cameras-san-diego-county-sheriffs-department-66579/#file-766346","","Aaron Swartz Day Surveillance Project","","01/22/2019","https://www.sdsheriff.net/documents/pp/pp-20160321.pdf","","","","","https://www.sandiegouniontribune.com/news/public-safety/sd-me-deputy-cameras-20170718-story.html","","","","",""
"AOS0725","San Diego","San Diego County","CA","San Diego Police Department","Police","The San Diego Police Department uses Axon body-worn cameras.","Municipal","Body-worn Cameras","Axon","https://www.sandiego.gov/sites/default/files/149.pdf","","San Diego Police Department","","09/26/2017","","","","","","","","","","",""
"AOS0726","San Diego","San Diego County","CA","San Diego Police Department","Police","The San Diego Police Department installed ShotSpotter gunshot detection systems in Valencia Park, Skyline, O’Farrell and Lincoln Park in 2016. ","Municipal","Gunshot Detection","ShotSpotter","https://www.govtech.com/public-safety/Gunshot-Detection-System-Goes-Live-in-San-Diego.html","","San Diego Union Tribune","","11/23/2016","","","","","","","","","","",""
"AOS0727","San Diego","San Diego County","CA","San Diego State University Police Department","Police","The San Diego State University Police Department uses body-worn cameras. The agency uses the same policy as the rest of the California State University police departments.","University","Body-worn Cameras","","http://police.sdsu.edu/documents/Body_Worn_Camera%20Policy.pdf","","San Diego State University Police Department","","05/17/2017","","","","","","","","","","",""
"AOS0728","San Diego","San Diego County","CA","University of California San Diego Police Department","Police","The University of California San Diego Police Department installed ShotSpotter gunshot detection technology on campus in 2017. The initial installation cost $46,000, with a recurring annual fee of $71,000.","University","Gunshot Detection","ShotSpotter","https://www.nbcsandiego.com/news/local/New-Technology-at-UC-San-Diego-Promises-a-Quick-Emergency-Response--430455973.html","","NBC San Diego","","06/23/2017","","","","","","","","","","",""
"AOS0774","Visalia","Tulare County","CA","Tulare County Sheriff's Office","Sheriff","The Tulare County budgeted $119,700 for BriefCam software in 2019.","County","Video Analytics","BriefCam","https://www.buzzfeednews.com/article/carolinehaskins1/police-software-briefcam","","Buzzfeed","","06/12/2020","https://tularecounty.ca.gov/cao/index.cfm/budget/fiscal-year-2019-20/","","County Budget","","","","","","","",""
"AOS0778","Beverly Hills","Los Angeles County","CA","Beverly Hills Police Department","Police","The Beverly Hills Police Department has used BriefCam video analytics software since 2019. ","Municipal","Video Analytics","BriefCam","https://www.buzzfeednews.com/article/carolinehaskins1/police-software-briefcam","","Buzzfeed","","06/12/2020","https://dronkiller.com/wp-content/uploads/2020/03/BriefCam-2019-At-Work-in-Safe-Cities-2.pdf","","BriefCam Powerpoint","","09/25/2019","","","","","",""
"AOS0780","Inglewood","Los Angeles County","CA","Inglewood Police Department","Police","The Inglewood Police Department purchased BriefCam video analytics software in 2018.","Municipal","Video Analytics","BriefCam","https://www.buzzfeednews.com/article/carolinehaskins1/police-software-briefcam","","Buzzfeed","","06/12/2020","https://www.cityofinglewood.org/AgendaCenter/ViewFile/Item/5121?fileID=2804","","City of Inglewood","","08/21/2018","","","","","",""
"AOS0784","Oakland","Alameda County","CA","Alameda County Sheriff's Office","Sheriff","The Alameda County Sheriff's Office operates automated license plate readers and accesses external ALPR data. The agency contracts with Vigilant Solutions.","County","Automated License Plate Readers","Vigilant Solutions","https://www.auditor.ca.gov/reports/2019-118/surveys/alameda_county_sheriff.html","","California State Auditor","","2/13/2020","","","","","","","","","","",""
"AOS0785","Alameda","Alameda County","CA","Alameda Police Department","Police","The Alameda Police Department operates automated license plate readers and accesses external ALPR data. The agency contracts with Vigilant Solutions.","Municipal","Automated License Plate Readers","Vigilant Solutions","https://www.auditor.ca.gov/reports/2019-118/surveys/alameda_police_department.html","","California State Auditor","","2/13/2020","","","","","","","","","","",""
"AOS0786","Alhambra","Los Angeles County","CA","Alhambra Police Department","Police","The Alhambra Police Department operates automated license plate readers and accesses external ALPR data. The agency contracts with Neology/PIPS.","Municipal","Automated License Plate Readers","Neology/PIPS","https://www.auditor.ca.gov/reports/2019-118/surveys/alhambra_police_department.html","","California State Auditor","","2/13/2020","","","","","","","","","","",""
"AOS0787","Anaheim","Orange County","CA","Anaheim Police Department","Police","The Anaheim Police Department operates automated license plate readers and accesses external ALPR data. The agency contracts with Vigilant Solutions.","Municipal","Automated License Plate Readers","Vigilant Solutions","https://www.auditor.ca.gov/reports/2019-118/surveys/anaheim_police_department.html","","California State Auditor","","2/13/2020","","","","","","","","","","",""
"AOS0788","Antioch","Contra Costa County","CA","Antioch Police Department","Police","The Antioch Police Department operates automated license plate readers and accesses external ALPR data. The agency contracts with Vigilant Solutions.","Municipal","Automated License Plate Readers","Vigilant Solutions","https://www.auditor.ca.gov/reports/2019-118/surveys/antioch_police_department.html","","California State Auditor","","2/13/2020","","","","","","","","","","",""
"AOS0789","Arcadia","Los Angeles County","CA","Arcadia Police Department","Police","The Arcadia Police Department operates automated license plate readers and accesses external ALPR data. The agency contracts with Vigilant Solutions.","Municipal","Automated License Plate Readers","Vigilant Solutions","https://www.auditor.ca.gov/reports/2019-118/surveys/arcadia_police_department.html","","California State Auditor","","2/13/2020","","","","","","","","","","",""
"AOS0790","Arcata","Humboldt County","CA","Arcata Police Department","Police","The Arcata Police Department operates automated license plate readers and accesses external ALPR data. The agency contracts with Neology/PIPS.","Municipal","Automated License Plate Readers","Neology/PIPS","https://www.auditor.ca.gov/reports/2019-118/surveys/arcata_police_department.html","","California State Auditor","","2/13/2020","","","","","","","","","","",""
"AOS0791","Atherton","San Mateo County","CA","Atherton Police Department","Police","The Atherton Police Department purchased Flock Safety automated license plate readers in 2020. ","Municipal","Automated License Plate Readers","Flock Safety","https://www.muckrock.com/foi/atherton-3099/flock-atherton-police-department-102801/","","Atherton Police Department","","10/23/2020","https://www.almanacnews.com/news/2020/05/08/atherton-council-approves-installing-16-new-license-plate-readers","","Almanac News","","5/8/2020","https://www.auditor.ca.gov/reports/2019-118/surveys/atherton_police_department.html","","California State Auditor","","2/13/2020",""
"AOS0792","Azusa","Los Angeles County","CA","Azusa Police Department","Police","The Azusa Police Department began using Flock Safety ALPR cameras citywide in 2019. ","Municipal","Automated License Plate Readers","Flock Safety","https://www.muckrock.com/foi/azusa-3104/flock-azusa-police-department-102800/","","MuckRock","","10/15/2020","https://www.auditor.ca.gov/reports/2019-118/surveys/azusa_police_department.html","","California State Auditor","","2/13/2020","","","","","",""
"AOS0793","Beaumont","Riverside County","CA","Beaumont Police Department","Police","The Beaumont Police Department operates automated license plate readers and accesses external ALPR data. The agency contracts with Vigilant Solutions.","Municipal","Automated License Plate Readers","Vigilant Solutions","https://www.auditor.ca.gov/reports/2019-118/surveys/beaumont_police_department.html","","California State Auditor","","2/13/2020","","","","","","","","","","",""
"AOS0794","Bell","Los Angeles County","CA","Bell Police Department","Police","The Bell Police Department operates automated license plate readers and accesses external ALPR data. The agency contracts with Vigilant Solutions.","Municipal","Automated License Plate Readers","Vigilant Solutions","https://www.auditor.ca.gov/reports/2019-118/surveys/bell_police_department.html","","California State Auditor","","2/13/2020","https://www.muckrock.com/foi/bell-3110/2020-vigilant-data-sharing-information-automated-license-plate-reader-alpr-bell-police-department-89455/#comms","","Bell Police Department","","3/11/2020","","","","","",""
"AOS0795","Belvedere","Marin County","CA","Belvedere Police Department","Police","The Belvedere Police Department operates automated license plate readers and accesses external ALPR data. The agency contracts with Vigilant Solutions.","Municipal","Automated License Plate Readers","Vigilant Solutions","https://www.auditor.ca.gov/reports/2019-118/surveys/belvedere_police_department.html","","California State Auditor","","2/13/2020","","","","","","","","","","",""
"AOS0796","Benicia","Solano County","CA","Benicia Police Department","Police","The Benicia Police Department operates automated license plate readers and accesses external ALPR data. The agency contracts with Neology/PIPS.","Municipal","Automated License Plate Readers","Neology/PIPS","https://www.auditor.ca.gov/reports/2019-118/surveys/benicia_police_department.html","","California State Auditor","","2/13/2020","","","","","","","","","","",""
"AOS0797","Berkeley","Alameda County","CA","Berkeley Police Department","Police","The Berkeley Police Department operates automated license plate readers and accesses external ALPR data. The agency contracts with Genetec AutoVu.","Municipal","Automated License Plate Readers","Genetec AutoVu","https://www.auditor.ca.gov/reports/2019-118/surveys/berkeley_police_department.html","","California State Auditor","","2/13/2020","https://www.cityofberkeley.info/uploadedFiles/Police/Level_3_-_General/001-2016%20ALPR.PDF","","","","02/18/16","","","","","",""
"AOS0798","Brawley","Imperial County","CA","Brawley Police Department","Police","The Brawley Police Department operates automated license plate readers and accesses external ALPR data. The agency contracts with Vigilant Solutions.","Municipal","Automated License Plate Readers","Vigilant Solutions","https://www.auditor.ca.gov/reports/2019-118/surveys/brawley_police_department.html","","California State Auditor","","2/13/2020","","","","","","","","","","",""
"AOS0799","Brea","Orange County","CA","Brea Police Department","Police","The Brea Police Department operates automated license plate readers and accesses external ALPR data. The agency contracts with Vigilant Solutions.","Municipal","Automated License Plate Readers","Vigilant Solutions","https://www.auditor.ca.gov/reports/2019-118/surveys/brea_police_department.html","","California State Auditor","","2/13/2020","","","","","","","","","","",""
"AOS0800","Brisbane","San Mateo County","CA","Brisbane Police Department","Police","The Brisbane Police Department operates automated license plate readers and accesses external ALPR data. The agency contracts with Neology/PIPS.","Municipal","Automated License Plate Readers","Neology/PIPS","https://www.auditor.ca.gov/reports/2019-118/surveys/brisbane_police_department.html","","California State Auditor","","2/13/2020","","","","","","","","","","",""
"AOS0801","Burbank","Los Angeles County","CA","Burbank Police Department","Police","The Burbank Police Department operates automated license plate readers and accesses external ALPR data. The agency contracts with Vigilant Solutions and Neology/PIPS.","Municipal","Automated License Plate Readers","Vigilant Solutions, Neology/PIPS","https://www.auditor.ca.gov/reports/2019-118/surveys/burbank_police_department.html","","California State Auditor","","2/13/2020","https://www.muckrock.com/foi/burbank-3129/2020-vigilant-data-sharing-information-automated-license-plate-reader-burbank-police-department-90308/","","MuckRock","","","","","","","",""
"AOS0802","Burlingame","San Mateo County","CA","Burlingame Police Department","Police","The Westmorland Police Department accesses ALPR data.","Municipal","Automated License Plate Readers","","https://www.auditor.ca.gov/reports/2019-118/surveys/burlingame_police_department.html","","California State Auditor","","2/13/2020","","","","","","","","","","",""
"AOS0803","Campbell","Santa Clara County","CA","Campbell Police Department","Police","The Campbell Police Department operates automated license plate readers and accesses external ALPR data. The agency contracts with Neology/PIPS.","Municipal","Automated License Plate Readers","Neology/PIPS","https://www.auditor.ca.gov/reports/2019-118/surveys/campbell_police_department.html","","California State Auditor","","2/13/2020","","","","","","","","","","",""
"AOS0804","Capitola","Santa Cruz County","CA","Capitola Police Department","Police","The Capitola Police Department accesses ALPR data. The agency contracts with Genetec AutoVu.","Municipal","Automated License Plate Readers","Genetec AutoVu","https://www.auditor.ca.gov/reports/2019-118/surveys/capitola_police_department.html","","California State Auditor","","2/13/2020","","","","","","","","","","",""
"AOS0805","Carmel-By-The-Sea","Monterey County","CA","Carmel Police Department","Police","The Carmel Police Department operates automated license plate readers. The agency contracts with Genetec AutoVu.","Municipal","Automated License Plate Readers","Genetec AutoVu","https://www.auditor.ca.gov/reports/2019-118/surveys/carmel_police_department.html","","California State Auditor","","2/13/2020","","","","","","","","","","",""
"AOS0806","Cathedral City","Riverside County","CA","Cathedral City Police Department","Police","The Cathedral City Police Department operates automated license plate readers and accesses external ALPR data. The agency collected 24,233 license plate scans in 2019. ","Municipal","Automated License Plate Readers","Vigilant Solutions","https://www.auditor.ca.gov/reports/2019-118/surveys/cathedral_city_police_department.html","","California State Auditor","","2/13/2020","https://www.muckrock.com/foi/cathedral-city-3143/2020-vigilant-data-sharing-information-automated-license-plate-reader-cathedral-city-police-department-90318/","","Cathedral City Police Department","","3/16/2020","","","","","",""
"AOS0807","Larkspur","Marin County","CA","Central Marin Police Authority","Police","The Central Marin Police Authority operates automated license plate readers and accesses external ALPR data. The agency contracts with Neology/PIPS.","Municipal","Automated License Plate Readers","Neology/PIPS","https://www.auditor.ca.gov/reports/2019-118/surveys/central_marin_police.html","","California State Auditor","","2/13/2020","","","","","","","","","","",""
"AOS0808","Ceres","Stanislaus County","CA","Ceres Police Department","Police","The Ceres Police Department operates automated license plate readers. The agency contracts with Neology.","Municipal","Automated License Plate Readers","PIPS","https://www.auditor.ca.gov/reports/2019-118/surveys/ceres_police_department.html","","California State Auditor","","2/13/2020","","","","","","","","","","",""
"AOS0809","Chico","Butte County","CA","Chico Police Department","Police","The Chico Police Department operates automated license plate readers and accesses external ALPR data.","Municipal","Automated License Plate Readers","","https://www.auditor.ca.gov/reports/2019-118/surveys/chico_police_department.html","","California State Auditor","","2/13/2020","","","","","","","","","","",""
"AOS0810","Chino","San Bernardino County","CA","Chino Police Department","Police","The Chino Police Department operates automated license plate readers and accesses external ALPR data. The agency contracts with Vigilant Solutions.","Municipal","Automated License Plate Readers","Vigilant Solutions","https://www.auditor.ca.gov/reports/2019-118/surveys/chino_police_department.html","","California State Auditor","","2/13/2020","","","","","","","","","","",""
"AOS0811","Chowchilla","Madera County","CA","Chowchilla Police Department","Police","The Chowchilla Police Department accesses ALPR data. The agency contracts with Vigilant Solutions.","Municipal","Automated License Plate Readers","Vigilant Solutions","https://www.auditor.ca.gov/reports/2019-118/surveys/chowchilla_police_department.html","","California State Auditor","","2/13/2020","","","","","","","","","","",""
"AOS0812","Chula Vista","San Diego County","CA","Chula Vista Police Department","Police","The Chula Vista Police Department operates automated license plate readers and accesses external ALPR data. The agency contracts with Vigilant Solutions.","Municipal","Automated License Plate Readers","Vigilant Solutions","https://www.auditor.ca.gov/reports/2019-118/surveys/chula_vista_police_department.html","","California State Auditor","","2/13/2020","","","","","","","","","","",""
"AOS0813","Clayton","Contra Costa County","CA","Clayton Police Department","Police","The Clayton Police Department operates automated license plate readers and accesses external ALPR data. The agency contracts with Vigilant Solutions.","Municipal","Automated License Plate Readers","Vigilant Solutions","https://www.auditor.ca.gov/reports/2019-118/surveys/clayton_police_department.html","","California State Auditor","","2/13/2020","https://www.muckrock.com/foi/clayton-3152/california-automated-license-plate-readers-alpr-clayton-police-department-107989/","","Clayton Police Department","","2/11/2021","","","","","",""
"AOS0814","Clearlake","Lake County","CA","Clearlake Police Department","Police","The Clearlake Police Department operates automated license plate readers and accesses external ALPR data. The agency contracts with OpenALPR.","Municipal","Automated License Plate Readers","OpenALPR","https://www.auditor.ca.gov/reports/2019-118/surveys/clearlake_police_department.html","","California State Auditor","","2/13/2020","","","","","","","","","","",""
"AOS0815","Clovis","Fresno County","CA","Clovis Police Department","Police","The Clovis Police Department operates automated license plate readers and accesses external ALPR data. The agency contracts with Vigilant Solutions and ELSAG.","Municipal","Automated License Plate Readers","Vigilant Solutions, ELSAG","https://www.auditor.ca.gov/reports/2019-118/surveys/clovis_police_department.html","","California State Auditor","","2/13/2020","","","","","","","","","","",""
"AOS0816","Colton","San Bernardino County","CA","Colton Police Department","Police","The Colton Police Department operates automated license plate readers.","Municipal","Automated License Plate Readers","","https://www.auditor.ca.gov/reports/2019-118/surveys/colton_police_department.html","","California State Auditor","","2/13/2020","","","","","","","","","","",""
"AOS0817","Concord","Contra Costa County","CA","Concord Police Department","Police","The Concord Police Department operates automated license plate readers and accesses external ALPR data. The agency contracts with Neology/PIPS.","Municipal","Automated License Plate Readers","Neology/PIPS","https://www.auditor.ca.gov/reports/2019-118/surveys/concord_police_department.html","","California State Auditor","","2/13/2020","","","","","","","","","","",""
"AOS0818","Corning","Tehama County","CA","Corning Police Department","Police","The Corning Police Department operates automated license plate readers and accesses external ALPR data. The agency contracts with Vigilant Solutions.","Municipal","Automated License Plate Readers","Vigilant Solutions","https://www.auditor.ca.gov/reports/2019-118/surveys/corning_police_department.html","","California State Auditor","","2/13/2020","","","","","","","","","","",""
"AOS0819","Corona","Riverside County","CA","Corona Police Department","Police","The Corona Police Department operates automated license plate readers and accesses external ALPR data. The agency contracts with Vigilant Solutions.","Municipal","Automated License Plate Readers","Vigilant Solutions","https://www.auditor.ca.gov/reports/2019-118/surveys/corona_police_department.html","","California State Auditor","","2/13/2020","","","","","","","","","","",""
"AOS0820","Coronado","San Diego County","CA","Coronado Police Department","Police","The Coronado Police Department operates automated license plate readers and accesses external ALPR data. The agency contracts with Vigilant Solutions and Neology/PIPS.","Municipal","Automated License Plate Readers","Vigilant Solutions, Neology/PIPS","https://www.auditor.ca.gov/reports/2019-118/surveys/coronado_police_department.html","","California State Auditor","","2/13/2020","","","","","","","","","","",""
"AOS0821","Costa Mesa","Orange County","CA","Costa Mesa Police Department","Police","The Costa Mesa Police Department operates automated license plate readers and accesses external ALPR data. The agency contracts with Vigilant Solutions.","Municipal","Automated License Plate Readers","Vigilant Solutions","https://www.auditor.ca.gov/reports/2019-118/surveys/costa_mesa_police_department.html","","California State Auditor","","2/13/2020","","","","","","","","","","",""
"AOS0822","Covina","Los Angeles County","CA","Covina Police Department","Police","The Covina Police Department purchased Flock Safety automated license plate readers in 2020. ","Municipal","Automated License Plate Readers","Flock Safety","https://covinaca.civicweb.net/document/11151/Lease%20of%20Automated%20License%20Plate%20Readers%20(ALPR).pdf","","Covina City Council","","9/15/2020","https://covinaca.civicweb.net/document/11512/2020%2009%2015%20Minutes%20CC%20DRAFT.pdf?handle=B1F1426403A946E2A194B9D1D44FBCEA","","Covina City Council","","9/15/2020","","","","","",""
"AOS0823","Culver City","Los Angeles County","CA","Culver City Police Department","Police","The Culver City Police Department operates automated license plate readers and accesses external ALPR data.","Municipal","Automated License Plate Readers","","https://www.auditor.ca.gov/reports/2019-118/surveys/culver_city_police_department.html","","California State Auditor","","2/13/2020","","","","","","","","","","",""
"AOS0824","Daly City","San Mateo County","CA","Daly City Police Department","Police","The Daly City Police Department operates automated license plate readers and accesses external ALPR data.","Municipal","Automated License Plate Readers","","https://www.auditor.ca.gov/reports/2019-118/surveys/daly_city_police_department.html","","California State Auditor","","2/13/2020","","","","","","","","","","",""
"AOS0825","Davis","Yolo County","CA","Davis Police Department","Police","The Davis Police Department operates automated license plate readers and accesses external ALPR data. The agency contracts with Genetec AutoVu.","Municipal","Automated License Plate Readers","Genetec AutoVu","https://www.auditor.ca.gov/reports/2019-118/surveys/davis_police_department.html","","California State Auditor","","2/13/2020","","","","","","","","","","",""
"AOS0826","Desert Hot Springs","Riverside County","CA","Desert Hot Springs Police Department","Police","The Desert Hot Springs Police Department operates automated license plate readers and accesses external ALPR data. The agency contracts with Vigilant Solutions.","Municipal","Automated License Plate Readers","Vigilant Solutions","https://www.auditor.ca.gov/reports/2019-118/surveys/desert_hot_springs_police_department.html","","California State Auditor","","2/13/2020","","","","","","","","","","",""
"AOS0827","Dixon","Solano County","CA","Dixon Police Department","Police","The Dixon Police Department operates automated license plate readers and accesses external ALPR data. The agency contracts with Vigilant Solutions.","Municipal","Automated License Plate Readers","Vigilant Solutions","https://www.auditor.ca.gov/reports/2019-118/surveys/dixon_police_department.html","","California State Auditor","","2/13/2020","","","","","","","","","","",""
"AOS0828","Downey","Los Angeles County","CA","Downey Police Department","Police","The Downey Police Department operates automated license plate readers and accesses external ALPR data. The agency contracts with Vigilant Solutions and Neology/PIPS.","Municipal","Automated License Plate Readers","Vigilant Solutions, Neology/PIPS","https://www.auditor.ca.gov/reports/2019-118/surveys/downey_police_department.html","","California State Auditor","","2/13/2020","","","","","","","","","","",""
"AOS0829","East Palo Alto","San Mateo County","CA","East Palo Alto Police Department","Police","The East Palo Alto Police Department accesses ALPR data.","Municipal","Automated License Plate Readers","","https://www.auditor.ca.gov/reports/2019-118/surveys/east_palo_alto_police_department.html","","California State Auditor","","2/13/2020","","","","","","","","","","",""
"AOS0830","El Cajon","San Diego County","CA","El Cajon Police Department","Police","The El Cajon Police Department operates automated license plate readers and accesses external ALPR data. The agency contracts with Neology/PIPS.","Municipal","Automated License Plate Readers","Neology/PIPS","https://www.auditor.ca.gov/reports/2019-118/surveys/el_cajon_police_department.html","","California State Auditor","","2/13/2020","","","","","","","","","","",""
"AOS0831","El Centro","Imperial County","CA","El Centro Police Department","Police","The El Centro Police Department operates automated license plate readers and accesses external ALPR data. The agency contracts with Vigilant Solutions.","Municipal","Automated License Plate Readers","Vigilant Solutions","https://www.auditor.ca.gov/reports/2019-118/surveys/el_centro_police_department.html","","California State Auditor","","2/13/2020","","","","","","","","","","",""
"AOS0832","El Cerrito","Contra Costa County","CA","El Cerrito Police Department","Police","The El Cerrito Police Department accesses ALPR data.","Municipal","Automated License Plate Readers","","https://www.auditor.ca.gov/reports/2019-118/surveys/el_cerrito_police_department.html","","California State Auditor","","2/13/2020","","","","","","","","","","",""
"AOS0833","Placerville","El Dorado County","CA","El Dorado County Sheriff's Office","Sheriff","The El Dorado County Sheriff's Office operates automated license plate readers and accesses external ALPR data. The agency contracts with Vigilant Solutions.","County","Automated License Plate Readers","Vigilant Solutions","https://www.auditor.ca.gov/reports/2019-118/surveys/el_dorado_county_sheriff.html","","California State Auditor","","2/13/2020","https://www.documentcloud.org/documents/6958627-El-Dorado-County-Sheriff-LEARN-AGENCY-SHARING.html","","MuckRock","","","","","","","",""
"AOS0834","El Segundo","Los Angeles County","CA","El Segundo Police Department","Police","The El Segundo Police Department operates automated license plate readers and accesses external ALPR data. The agency contracts with Vigilant Solutions.","Municipal","Automated License Plate Readers","Vigilant Solutions","https://www.auditor.ca.gov/reports/2019-118/surveys/el_segundo_police_department.html","","California State Auditor","","2/13/2020","","","","","","","","","","",""
"AOS0835","Elk Grove","Sacramento County","CA","Elk Grove Police Department","Police","The Elk Grove Police Department operates automated license plate readers and accesses external ALPR data. The agency contracts with Vigilant Solutions.","Municipal","Automated License Plate Readers","Vigilant Solutions","https://www.auditor.ca.gov/reports/2019-118/surveys/elk_grove_police_department.html","","California State Auditor","","2/13/2020","","","","","","","","","","",""
"AOS0836","Emeryville","Alameda County","CA","Emeryville Police Department","Police","The Emeryville Police Department operates automated license plate readers and accesses external ALPR data. The agency contracts with Vigilant Solutions.","Municipal","Automated License Plate Readers","Vigilant Solutions","https://www.auditor.ca.gov/reports/2019-118/surveys/emeryville_police_department.html","","California State Auditor","","2/13/2020","","","","","","","","","","",""
"AOS0837","Escondido","San Diego County","CA","Escondido Police Department","Police","The Escondido Police Department operates automated license plate readers and accesses external ALPR data. The agency contracts with Vigilant Solutions.","Municipal","Automated License Plate Readers","Vigilant Solutions","https://www.auditor.ca.gov/reports/2019-118/surveys/escondido_police_department.html","","California State Auditor","","2/13/2020","","","","","","","","","","",""
"AOS0838","Fairfield","Solano County","CA","Fairfield Police Department","Police","The Fairfield Police Department operates automated license plate readers and accesses external ALPR data. The agency contracts with Vigilant Solutions.","Municipal","Automated License Plate Readers","Vigilant Solutions","https://www.auditor.ca.gov/reports/2019-118/surveys/fairfield_police_department.html","","California State Auditor","","2/13/2020","https://www.muckrock.com/foi/fairfield-5583/2018-vigilant-data-sharing-information-fairfield-police-department-48885/","","MuckRock","","","","","","","",""
"AOS0839","Fontana","San Bernardino County","CA","Fontana Police Department","Police","The Fontana Police Department operates automated license plate readers and accesses external ALPR data. The agency contracts with Vigilant Solutions.","Municipal","Automated License Plate Readers","Vigilant Solutions","https://www.auditor.ca.gov/reports/2019-118/surveys/fontana_police_department.html","","California State Auditor","","2/13/2020","","","","","","","","","","",""
"AOS0840","Fountain Valley","Orange County","CA","Fountain Valley Police Department","Police","The Fountain Valley Police Department operates automated license plate readers and accesses external ALPR data. The agency contracts with Vigilant Solutions.","Municipal","Automated License Plate Readers","Vigilant Solutions","https://www.auditor.ca.gov/reports/2019-118/surveys/fountain_valley_police_department.html","","California State Auditor","","2/13/2020","","","","","","","","","","",""
"AOS0841","Fremont","Alameda County","CA","Fremont Police Department","Police","The Fremont Police Department operates automated license plate readers and accesses external ALPR data. The agency contracts with Neology/PIPS.","Municipal","Automated License Plate Readers","Neology/PIPS","https://www.auditor.ca.gov/reports/2019-118/surveys/fremont_police_department.html","","California State Auditor","","2/13/2020","https://www.fremontpolice.gov/crime-prevention/video-surveillance-cameras/community-camera-project-and-alprs","","Fremont Police","","","","","","","",""
"AOS0842","Fresno","Fresno County","CA","Fresno County Sheriff's Office","Sheriff","The Fresno County Sheriff's Office operates automated license plate readers and accesses external ALPR data. The agency contracts with Vigilant Solutions and Neology/PIPS.","County","Automated License Plate Readers","Vigilant Solutions, Neology/PIPS","https://www.auditor.ca.gov/reports/2019-118/surveys/fresno_county_sheriff.html","","California State Auditor","","2/13/2020","","","","","","","","","","",""
"AOS0843","Fresno","Fresno County","CA","Fresno Police Department","Police","The Fresno Police Department operates automated license plate readers and accesses external ALPR data. The agency contracts with Vigilant Solutions and ELSAG.","Municipal","Automated License Plate Readers","Vigilant Solutions, ELSAG","https://www.auditor.ca.gov/reports/2019-118/surveys/fresno_police_department.html","","California State Auditor","","2/13/2020","","","","","","","","","","",""
"AOS0844","Gilroy","Santa Clara County","CA","Gilroy Police Department","Police","The Gilroy Police Department operates automated license plate readers and accesses external ALPR data. The agency contracts with Neology/PIPS.","Municipal","Automated License Plate Readers","Neology/PIPS","https://www.auditor.ca.gov/reports/2019-118/surveys/gilroy_police_department.html","","California State Auditor","","2/13/2020","","","","","","","","","","",""
"AOS0845","Glendale","Los Angeles County","CA","Glendale Police Department","Police","The Glendale Police Department operates automated license plate readers and accesses external ALPR data. The agency contracts with Vigilant Solutions.","Municipal","Automated License Plate Readers","Vigilant Solutions","https://www.auditor.ca.gov/reports/2019-118/surveys/glendale_police_department.html","","California State Auditor","","2/13/2020","","","","","","","","","","",""
"AOS0846","Glendora","Los Angeles County","CA","Glendora Police Department","Police","The Glendora Police Department operates automated license plate readers and accesses external ALPR data. The agency contracts with Vigilant Solutions and Neology/PIPS.","Municipal","Automated License Plate Readers","Vigilant Solutions, Neology/PIPS","https://www.auditor.ca.gov/reports/2019-118/surveys/glendora_police_department.html","","California State Auditor","","2/13/2020","https://www.muckrock.com/foi/glendora-191/2020-vigilant-data-sharing-information-automated-license-plate-reader-glendora-ca-police-department-90285/","","MuckRock","","","","","","","",""
"AOS0847","Grover Beach","San Luis Obispo County","CA","Grover Beach Police Department","Police","The Grover Beach Police Department operates automated license plate readers. The agency contracts with Data911.","Municipal","Automated License Plate Readers","","https://www.auditor.ca.gov/reports/2019-118/surveys/grover_beach_police_department.html","","California State Auditor","","2/13/2020","","","","","","","","","","",""
"AOS0848","Hawthorne","Los Angeles County","CA","Hawthorne Police Department","Police","The Hawthorne Police Department operates automated license plate readers and accesses external ALPR data. The agency contracts with Vigilant Solutions.","Municipal","Automated License Plate Readers","Vigilant Solutions","https://www.auditor.ca.gov/reports/2019-118/surveys/hawthorne_police_department.html","","California State Auditor","","2/13/2020","","","","","","","","","","",""
"AOS0849","Hayward","Alameda County","CA","Hayward Police Department","Police","The Hayward Police Department operates automated license plate readers and accesses external ALPR data. The agency contracts with Vigilant Solutions.","Municipal","Automated License Plate Readers","Vigilant Solutions","https://www.auditor.ca.gov/reports/2019-118/surveys/hayward_police_department.html","","California State Auditor","","2/13/2020","","","","","","","","","","",""
"AOS0850","Healdsburg","Sonoma County","CA","Healdsburg Police Department","Police","The Healdsburg Police Department operates automated license plate readers.","Municipal","Automated License Plate Readers","","https://www.auditor.ca.gov/reports/2019-118/surveys/healdsburg_police_department.html","","California State Auditor","","2/13/2020","","","","","","","","","","",""
"AOS0851","Hercules","Contra Costa County","CA","Hercules Police Department","Police","The Hercules Police Department accesses ALPR data. The agency contracts with Vigilant Solutions.","Municipal","Automated License Plate Readers","Vigilant Solutions","https://www.auditor.ca.gov/reports/2019-118/surveys/hercules_police_department.html","","California State Auditor","","2/13/2020","","","","","","","","","","",""
"AOS0852","Hillsborough","San Mateo County","CA","Hillsborough Police Department","Police","The Hillsborough Police Department operates automated license plate readers and accesses external ALPR data. The agency contracts with Neology/PIPS.","Municipal","Automated License Plate Readers","Neology/PIPS","https://www.auditor.ca.gov/reports/2019-118/surveys/hillsborough_police_department.html","","California State Auditor","","2/13/2020","","","","","","","","","","",""
"AOS0853","Hollister","San Benito County","CA","Hollister Police Department","Police","The Hollister Police Department operates automated license plate readers and accesses external ALPR data. The agency contracts with Vigilant Solutions.","Municipal","Automated License Plate Readers","Vigilant Solutions","https://www.auditor.ca.gov/reports/2019-118/surveys/hollister_police_department.html","","California State Auditor","","2/13/2020","","","","","","","","","","",""
"AOS0854","Huntington Beach","Orange County","CA","Huntington Beach Police Department","Police","The Huntington Beach Police Department operates automated license plate readers and accesses external ALPR data. The agency disclosed it contracts with Vigilant Solutions, but in 2020 the city included Flock Safety ALPRs in its budget. ","Municipal","Automated License Plate Readers","Flock Safety, Vigilant Solutions","https://www.auditor.ca.gov/reports/2019-118/surveys/huntington_beach_police_department.html","","California State Auditor","","2/13/2020","https://www.huntingtonbeachca.gov/files/users/info_systems/Proposed-Budget-2020-2021-REVISED-.pdf","","2020","","Huntington Beach","","","","","",""
"AOS0855","Huntington Park","Los Angeles County","CA","Huntington Park Police Department","Police","The Huntington Park Police Department operates automated license plate readers and accesses external ALPR data. The agency contracts with Neology/PIPS.","Municipal","Automated License Plate Readers","Neology/PIPS","https://www.auditor.ca.gov/reports/2019-118/surveys/huntington_park_police_department.html","","California State Auditor","","2/13/2020","","","","","","","","","","",""
"AOS0856","El Centro","Imperial County","CA","Imperial County Sheriff's Office","Sheriff","The Imperial County Sheriff's Office operates automated license plate readers and accesses external ALPR data. The agency contracts with Vigilant Solutions.","County","Automated License Plate Readers","Vigilant Solutions","https://www.auditor.ca.gov/reports/2019-118/surveys/imperial_county_sheriff.html","","California State Auditor","","2/13/2020","","","","","","","","","","",""
"AOS0857","Imperial","Imperial County","CA","Imperial Police Department","Police","The Imperial Police Department operates automated license plate readers and accesses external ALPR data. The agency contracts with Vigilant Solutions.","Municipal","Automated License Plate Readers","Vigilant Solutions","https://www.auditor.ca.gov/reports/2019-118/surveys/imperial_police_department.html","","California State Auditor","","2/13/2020","","","","","","","","","","",""
"AOS0858","Indio","Riverside County","CA","Indio Police Department","Police","The Indio Police Department operates automated license plate readers and accesses external ALPR data. The agency contracts with Neology/PIPS.","Municipal","Automated License Plate Readers","Neology/PIPS","https://www.auditor.ca.gov/reports/2019-118/surveys/indio_police_department.html","","California State Auditor","","2/13/2020","","","","","","","","","","",""
"AOS0859","Inglewood","Los Angeles County","CA","Inglewood Police Department","Police","The Inglewood Police Department accesses ALPR data. The agency contracts with Vigilant Solutions.","Municipal","Automated License Plate Readers","Vigilant Solutions","https://www.auditor.ca.gov/reports/2019-118/surveys/inglewood_police_department.html","","California State Auditor","","2/13/2020","","","","","","","","","","",""
"AOS0860","Bakersfield","Kern County","CA","Kern County Sheriff's Office","Sheriff","The Kern County Sheriff's Office accesses ALPR data. The agency contracts with Vigilant Solutions.","County","Automated License Plate Readers","Vigilant Solutions","https://www.auditor.ca.gov/reports/2019-118/surveys/kern_county_sheriff.html","","California State Auditor","","2/13/2020","","","","","","","","","","",""
"AOS0861","La Mesa","San Diego County","CA","La Mesa Police Department","Police","The La Mesa Police Department operates Vigilant Solutions automated license plate readers and accesses external ALPR data. The agency collected 447,404 license plate scans in 2019.","Municipal","Automated License Plate Readers","Vigilant Solutions","https://www.auditor.ca.gov/reports/2019-118/surveys/la_mesa_police_department.html","","California State Auditor","","2/13/2020","https://www.muckrock.com/foi/la-mesa-62/2020-vigilant-data-sharing-information-automated-license-plate-reader-alpr-la-mesa-ca-police-department-89445/#comms","","La Mesa Police Department","","3/9/2020","","","","","",""
"AOS0862","Lakeport","Lake County","CA","Lake County Sheriff's Office","Sheriff","The Lake County Sheriff's Office accesses ALPR data.","County","Automated License Plate Readers","","https://www.auditor.ca.gov/reports/2019-118/surveys/lake_county_sheriff.html","","California State Auditor","","2/13/2020","","","","","","","","","","",""
"AOS0863","Lincoln","Placer County","CA","Lincoln Police Department","Police","The Lincoln Police Department accesses ALPR data. The agency contracts with Vigilant Solutions.","Municipal","Automated License Plate Readers","Vigilant Solutions","https://www.auditor.ca.gov/reports/2019-118/surveys/lincoln_police_department.html","","California State Auditor","","2/13/2020","","","","","","","","","","",""
"AOS0864","Livermore","Alameda County","CA","Livermore Police Department","Police","The Livermore Police Department operates automated license plate readers and accesses external ALPR data. The agency contracts with Vigilant Solutions.","Municipal","Automated License Plate Readers","Vigilant Solutions","https://www.auditor.ca.gov/reports/2019-118/surveys/livermore_police_department.html","","California State Auditor","","2/13/2020","","","","","","","","","","",""
"AOS0865","Long Beach","Los Angeles County","CA","Long Beach Police Department","Police","The Long Beach Police Department operates automated license plate readers and accesses external ALPR data. The agency contracts with Vigilant Solutions. LBPD also has a mobile vehicle called MobilEye that is equipped with ALPR technology. ","Municipal","Automated License Plate Readers","Vigilant Solutions","https://www.auditor.ca.gov/reports/2019-118/surveys/long_beach_police_department.html","","California State Auditor","","2/13/2020","https://checklbpd.org/the-surveillance-architecture-of-long-beach-advanced-cameras/","","Check LBPD","","11/14/2020","","","","","",""
"AOS0866","Los Alamitos","Orange County","CA","Los Alamitos Police Department","Police","The Los Alamitos Police Department operates automated license plate readers and accesses external ALPR data. The agency contracts with Vigilant Solutions.","Municipal","Automated License Plate Readers","Vigilant Solutions","https://www.auditor.ca.gov/reports/2019-118/surveys/los_alamitos_police_department.html","","California State Auditor","","2/13/2020","","","","","","","","","","",""
"AOS0867","Los Altos","Santa Clara County","CA","Los Altos Police Department","Police","The Los Altos Police Department operates automated license plate readers and accesses external ALPR data. The agency contracts with Neology/PIPS.","Municipal","Automated License Plate Readers","Neology/PIPS","https://www.auditor.ca.gov/reports/2019-118/surveys/los_altos_police_department.html","","California State Auditor","","2/13/2020","","","","","","","","","","",""
"AOS0868","Valencia","Los Angeles County","CA","Los Angeles County Sheriff's Department","Sheriff","The Los Angeles County Sheriff's Department operates automated license plate readers and accesses external ALPR data. The agency contracts with Vigilant Solutions and Neology/PIPS.","County","Automated License Plate Readers","Vigilant Solutions, Neology/PIPS","https://www.auditor.ca.gov/reports/2019-118/surveys/los_angeles_county_sheriff.html","","California State Auditor","","2/13/2020","","","","","","","","","","",""
"AOS0869","Los Angeles","Los Angeles County","CA","Los Angeles Police Department","Police","The Los Angeles Police Department operates automated license plate readers and accesses external ALPR data. The agency contracts with Neology/PIPS.","Municipal","Automated License Plate Readers","Neology/PIPS","https://www.auditor.ca.gov/reports/2019-118/surveys/los_angeles_police_department.html","","California State Auditor","","2/13/2020","","","","","","","","","","",""
"AOS0870","Los Gatos","Santa Clara County","CA","Los Gatos-Monte Sereno Police Department","Police","The Los Gatos - Monte Sereno Police Department operates automated license plate readers and accesses external ALPR data. The agency contracts with Tannery Creek Systems.","Municipal","Automated License Plate Readers","Tannery Creek Systems","https://www.auditor.ca.gov/reports/2019-118/surveys/los_gatos__monte_sereno_police_department.html","","California State Auditor","","2/13/2020","","","","","","","","","","",""
"AOS0871","Madera","Madera County","CA","Madera County Sheriff's Office","Sheriff","The Madera County Sheriff's Office accesses ALPR data. The agency contracts with Vigilant Solutions.","County","Automated License Plate Readers","Vigilant Solutions","https://www.auditor.ca.gov/reports/2019-118/surveys/madera_county_sheriff.html","","California State Auditor","","2/13/2020","","","","","","","","","","",""
"AOS0872","Madera","Madera County","CA","Madera Police Department","Police","The Madera Police Department operates automated license plate readers and accesses external ALPR data. The agency contracts with Vigilant Solutions.","Municipal","Automated License Plate Readers","Vigilant Solutions","https://www.auditor.ca.gov/reports/2019-118/surveys/madera_police_department.html","","California State Auditor","","2/13/2020","","","","","","","","","","",""
"AOS0873","Manhattan Beach","Los Angeles County","CA","Manhattan Beach Police Department","Police","The Manhattan Beach Police Department operates automated license plate readers and accesses external ALPR data. The agency contracts with Vigilant Solutions.","Municipal","Automated License Plate Readers","Vigilant Solutions","https://www.auditor.ca.gov/reports/2019-118/surveys/manhattan_beach_police_department.html","","California State Auditor","","2/13/2020","","","","","","","","","","",""
"AOS0874","Manteca","San Joaquin County","CA","Manteca Police Department","Police","The Manteca Police Department accesses ALPR data. The agency contracts with Vigilant Solutions.","Municipal","Automated License Plate Readers","Vigilant Solutions","https://www.auditor.ca.gov/reports/2019-118/surveys/manteca_police_department.html","","California State Auditor","","2/13/2020","","","","","","","","","","",""
"AOS0875","San Rafael","Marin County","CA","Marin County Sheriff's Office","Sheriff","The Marin County Sheriff's Office operates automated license plate readers and accesses external ALPR data. The agency contracts with Vigilant Solutions.","County","Automated License Plate Readers","Vigilant Solutions","https://www.auditor.ca.gov/reports/2019-118/surveys/marin_county_sheriff.html","","California State Auditor","","2/13/2020","","","","","","","","","","",""
"AOS0876","Menlo Park","San Mateo County","CA","Menlo Park Police Department","Police","The Menlo Park Police Department operates automated license plate readers and accesses external ALPR data. The agency contracts with Neology/PIPS.","Municipal","Automated License Plate Readers","Neology/PIPS","https://www.auditor.ca.gov/reports/2019-118/surveys/menlo_park_police_department.html","","California State Auditor","","2/13/2020","","","","","","","","","","",""
"AOS0877","Merced","Merced County","CA","Merced Police Department","Police","The Merced Police Department operates Vigilant Solutions automated license plate readers and accesses external ALPR data. In 2019, the agency collected 15,065,604 plate scans. ","Municipal","Automated License Plate Readers","Vigilant Solutions","https://www.auditor.ca.gov/reports/2019-118/surveys/merced_police_department.html","","California State Auditor","","2/13/2020","https://www.muckrock.com/foi/merced-3322/2020-vigilant-data-sharing-information-automated-license-plate-reader-alpr-merced-police-department-89450/#comms","","Merced PD","","3/9/2020","","","","","",""
"AOS0878","Mill Valley","Marin County","CA","Mill Valley Police Department","Police","The Mill Valley Police Department operates automated license plate readers and accesses external ALPR data. The agency contracts with Vigilant Solutions.","Municipal","Automated License Plate Readers","Vigilant Solutions","https://www.auditor.ca.gov/reports/2019-118/surveys/mill_valley_police_department.html","","California State Auditor","","2/13/2020","","","","","","","","","","",""
"AOS0879","Milpitas","Santa Clara County","CA","Milpitas Police Department","Police","The City of Milpitas approved the purchase of 20 automated license plate readers from Flock Safety in May 2020. Milpitas Police Department also disclosed that it contracts with Neology/PIPS for ALPR technology. ","Municipal","Automated License Plate Readers","Flock Safety, Neology/PIPS","https://www.auditor.ca.gov/reports/2019-118/surveys/milpitas_police_department.html","","California State Auditor","","2/13/2020","http://www.ci.milpitas.ca.gov/wp-content/uploads/2020/06/05-2020-CM-Approved-Contracts-Cal-Card-Memo.pdf","","City of Milpitas","","06/09/2020","","","","","",""
"AOS0880","Monrovia","Los Angeles County","CA","Monrovia Police Department","Police","The Monrovia Police Department operates automated license plate readers and accesses external ALPR data. The agency contracts with Neology/PIPS.","Municipal","Automated License Plate Readers","Neology/PIPS","https://www.auditor.ca.gov/reports/2019-118/surveys/monrovia_police_department.html","","California State Auditor","","2/13/2020","","","","","","","","","","",""
"AOS0881","Montclair","San Bernardino County","CA","Montclair Police Department","Police","The Montclair Police Department operates automated license plate readers and accesses external ALPR data. The agency contracts with Neology/PIPS.","Municipal","Automated License Plate Readers","Neology/PIPS","https://www.auditor.ca.gov/reports/2019-118/surveys/montclair_police_department.html","","California State Auditor","","2/13/2020","","","","","","","","","","",""
"AOS0882","Montebello","Los Angeles County","CA","Montebello Police Department","Police","The Montebello Police Department operates automated license plate readers and accesses external ALPR data. The agency contracts with Vigilant Solutions.","Municipal","Automated License Plate Readers","Vigilant Solutions","https://www.auditor.ca.gov/reports/2019-118/surveys/montebello_police_department.html","","California State Auditor","","2/13/2020","","","","","","","","","","",""
"AOS0883","Monterey Park","Los Angeles County","CA","Monterey Park Police Department","Police","The Monterey Park Police Department operates automated license plate readers and accesses external ALPR data. The agency contracts with Vigilant Solutions.","Municipal","Automated License Plate Readers","Vigilant Solutions","https://www.auditor.ca.gov/reports/2019-118/surveys/monterey_park_police_department.html","","California State Auditor","","2/13/2020","","","","","","","","","","",""
"AOS0884","Moraga","Contra Costa County","CA","Moraga Police Department","Police","The Moraga Police Department operates automated license plate readers and accesses external ALPR data.","Municipal","Automated License Plate Readers","","https://www.auditor.ca.gov/reports/2019-118/surveys/moraga_police_department.html","","California State Auditor","","2/13/2020","","","","","","","","","","",""
"AOS0885","Morgan Hill","Santa Clara County","CA","Morgan Hill Police Department","Police","The Morgan Hill Police Department operates automated license plate readers and accesses external ALPR data. The agency contracts with Neology/PIPS.","Municipal","Automated License Plate Readers","Neology/PIPS","https://www.auditor.ca.gov/reports/2019-118/surveys/morgan_hill_police_department.html","","California State Auditor","","2/13/2020","","","","","","","","","","",""
"AOS0886","Mountain View","Santa Clara County","CA","Mountain View Police Department","Police","The Mountain View Police Department operates automated license plate readers and accesses external ALPR data. The agency contracts with Neology/PIPS.","Municipal","Automated License Plate Readers","Neology/PIPS","https://www.auditor.ca.gov/reports/2019-118/surveys/mountain_view_police_department.html","","California State Auditor","","2/13/2020","","","","","","","","","","",""
"AOS0887","Murrieta","Riverside County","CA","Murrieta Police Department","Police","The Murrieta Police Department operates automated license plate readers and accesses external ALPR data. The agency contracts with Vigilant Solutions.","Municipal","Automated License Plate Readers","Vigilant Solutions","https://www.auditor.ca.gov/reports/2019-118/surveys/murrieta_police_department.html","","California State Auditor","","2/13/2020","https://www.muckrock.com/foi/murrieta-3341/2018-vigilant-data-sharing-information-murrieta-police-department-49040/","","MuckRock","","","","","","","",""
"AOS0888","Napa","Napa County","CA","Napa Police Department","Police","The Beverly Hills Police Department accesses ALPR data.","Municipal","Automated License Plate Readers","","https://www.auditor.ca.gov/reports/2019-118/surveys/napa_police_department.html","","California State Auditor","","2/13/2020","","","","","","","","","","",""
"AOS0890","Newark","Alameda County","CA","Newark Police Department","Police","The Newark Police Department operates automated license plate readers and accesses external ALPR data. The agency contracts with Neology/PIPS.","Municipal","Automated License Plate Readers","Neology/PIPS","https://www.auditor.ca.gov/reports/2019-118/surveys/newark_police_department.html","","California State Auditor","","2/13/2020","","","","","","","","","","",""
"AOS0891","Novato","Marin County","CA","Novato Police Department","Police","The Novato Police Department operates automated license plate readers and accesses external ALPR data. The agency contracts with Vigilant Solutions.","Municipal","Automated License Plate Readers","Vigilant Solutions","https://www.auditor.ca.gov/reports/2019-118/surveys/novato_police_department.html","","California State Auditor","","2/13/2020","","","","","","","","","","",""
"AOS0892","Oakland","Alameda County","CA","Oakland Police Department","Police","The Oakland Police Department operates automated license plate readers and accesses external ALPR data. The agency contracts with Neology/PIPS.","Municipal","Automated License Plate Readers","Neology/PIPS","https://www.auditor.ca.gov/reports/2019-118/surveys/oakland_police_department.html","","California State Auditor","","2/13/2020","","","","","","","","","","",""
"AOS0893","Oakley","Contra Costa County","CA","Oakley Police Department","Police","The Oakley Police Department operates automated license plate readers and accesses external ALPR data. The agency contracts with Vigilant Solutions.","Municipal","Automated License Plate Readers","Vigilant Solutions","https://www.auditor.ca.gov/reports/2019-118/surveys/oakley_police_department.html","","California State Auditor","","2/13/2020","","","","","","","","","","",""
"AOS0894","Ontario","San Bernardino County","CA","Ontario Police Department","Police","The Ontario Police Department accesses ALPR data. The agency contracts with Vigilant Solutions.","Municipal","Automated License Plate Readers","Vigilant Solutions","https://www.auditor.ca.gov/reports/2019-118/surveys/ontario_police_department.html","","California State Auditor","","2/13/2020","","","","","","","","","","",""
"AOS0895","Oxnard","Ventura County","CA","Oxnard Police Department","Police","The Oxnard Police Department operates automated license plate readers and accesses external ALPR data. The agency contracts with Vigilant Solutions.","Municipal","Automated License Plate Readers","Vigilant Solutions","https://www.auditor.ca.gov/reports/2019-118/surveys/oxnard_police_department.html","","California State Auditor","","2/13/2020","https://www.muckrock.com/foi/oxnard-124/2020-vigilant-data-sharing-information-automated-license-plate-reader-alpr-oxnard-police-department-89441/","","MuckRock","","","","","","","",""
"AOS0896","Pacifica","San Mateo County","CA","Pacifica Police Department","Police","The Pacifica Police Department accesses ALPR data.","Municipal","Automated License Plate Readers","","https://www.auditor.ca.gov/reports/2019-118/surveys/pacifica_police_department.html","","California State Auditor","","2/13/2020","","","","","","","","","","",""
"AOS0897","Palo Alto","Santa Clara County","CA","Palo Alto Police Department","Police","The Palo Alto Police Department operates automated license plate readers and accesses external ALPR data.","Municipal","Automated License Plate Readers","","https://www.auditor.ca.gov/reports/2019-118/surveys/palo_alto_police_department.html","","California State Auditor","","2/13/2020","","","","","","","","","","",""
"AOS0898","Palos Verdes Estates","Los Angeles County","CA","Palos Verdes Estates Police Department","Police","The Palos Verdes Estates Police Department operates automated license plate readers and accesses external ALPR data. The agency contracts with Vigilant Solutions.","Municipal","Automated License Plate Readers","Vigilant Solutions","https://www.auditor.ca.gov/reports/2019-118/surveys/palos_verdes_estates_police_department.html","","California State Auditor","","2/13/2020","","","","","","","","","","",""
"AOS0899","Paso Robles","San Luis Obispo County","CA","Paso Robles Police Department","Police","The Paso Robles Police Department operates automated license plate readers and accesses external ALPR data. The agency contracts with Vigilant Solutions.","Municipal","Automated License Plate Readers","Vigilant Solutions","https://www.auditor.ca.gov/reports/2019-118/surveys/paso_robles_police_department.html","","California State Auditor","","2/13/2020","","","","","","","","","","",""
"AOS0900","Petaluma","Sonoma County","CA","Petaluma Police Department","Police","The Petaluma Police Department operates automated license plate readers and accesses external ALPR data. The agency contracts with Vigilant Solutions and Genetec AutoVu.","Municipal","Automated License Plate Readers","Vigilant Solutions, Genetec AutoVu","https://www.auditor.ca.gov/reports/2019-118/surveys/petaluma_police_department.html","","California State Auditor","","2/13/2020","","","","","","","","","","",""
"AOS0901","Piedmont","Alameda County","CA","Piedmont Police Department","Police","The Piedmont Police Department operates automated license plate readers and accesses external ALPR data. The agency contracts with Neology/PIPS.","Municipal","Automated License Plate Readers","Neology/PIPS","https://www.auditor.ca.gov/reports/2019-118/surveys/piedmont_police_department.html","","California State Auditor","","2/13/2020","","","","","","","","","","",""
"AOS0902","Pinole","Contra Costa County","CA","Pinole Police Department","Police","The Burlingame Police Department accesses ALPR data.","Municipal","Automated License Plate Readers","","https://www.auditor.ca.gov/reports/2019-118/surveys/pinole_police_department.html","","California State Auditor","","2/13/2020","","","","","","","","","","",""
"AOS0903","Pismo Beach","San Luis Obispo County","CA","Pismo Beach Police Department","Police","The Pismo Beach Police Department operates automated license plate readers and accesses external ALPR data.","Municipal","Automated License Plate Readers","","https://www.auditor.ca.gov/reports/2019-118/surveys/pismo_beach_police_department.html","","California State Auditor","","2/13/2020","","","","","","","","","","",""
"AOS0904","Pittsburg","Contra Costa County","CA","Pittsburg Police Department","Police","The Pittsburg Police Department operates automated license plate readers and accesses external ALPR data. The agency contracts with Vigilant Solutions.","Municipal","Automated License Plate Readers","Vigilant Solutions","https://www.auditor.ca.gov/reports/2019-118/surveys/pittsburg_police_department.html","","California State Auditor","","2/13/2020","","","","","","","","","","",""
"AOS0905","Placentia","Orange County","CA","Placentia Police Department","Police","The Placentia Police Department operates automated license plate readers and accesses external ALPR data. The agency contracts with Vigilant Solutions.","Municipal","Automated License Plate Readers","Vigilant Solutions","https://www.auditor.ca.gov/reports/2019-118/surveys/placentia_police_department.html","","California State Auditor","","2/13/2020","","","","","","","","","","",""
"AOS0906","Tahoe City","Placer County","CA","Placer County Sheriff's Office","Sheriff","The Placer County Sheriff's Office accesses ALPR data. The agency contracts with Vigilant Solutions.","County","Automated License Plate Readers","Vigilant Solutions","https://www.auditor.ca.gov/reports/2019-118/surveys/placer_county_sheriff.html","","California State Auditor","","2/13/2020","","","","","","","","","","",""
"AOS0907","Placerville","El Dorado County","CA","Placerville Police Department","Police","The Placerville Police Department operates automated license plate readers and accesses external ALPR data. The agency contracts with Vigilant Solutions.","Municipal","Automated License Plate Readers","Vigilant Solutions","https://www.auditor.ca.gov/reports/2019-118/surveys/placerville_police_department.html","","California State Auditor","","2/13/2020","","","","","","","","","","",""
"AOS0908","Pleasanton","Alameda County","CA","Pleasanton Police Department","Police","The Pleasanton Police Department operates automated license plate readers and accesses external ALPR data. The agency contracts with Vigilant Solutions.","Municipal","Automated License Plate Readers","Vigilant Solutions","https://www.auditor.ca.gov/reports/2019-118/surveys/pleasanton_police_department.html","","California State Auditor","","2/13/2020","","","","","","","","","","",""
"AOS0909","Port Hueneme","Ventura County","CA","Port Hueneme Police Department","Police","The Port Hueneme Police Department operates automated license plate readers and accesses external ALPR data. The agency contracts with Vigilant Solutions.","Municipal","Automated License Plate Readers","Vigilant Solutions","https://www.auditor.ca.gov/reports/2019-118/surveys/port_hueneme_police_department.html","","California State Auditor","","2/13/2020","","","","","","","","","","",""
"AOS0910","Red Bluff","Tehama County","CA","Red Bluff Police Department","Police","The Red Bluff Police Department operates automated license plate readers and accesses external ALPR data. The agency contracts with Vigilant Solutions.","Municipal","Automated License Plate Readers","Vigilant Solutions","https://www.auditor.ca.gov/reports/2019-118/surveys/red_bluff_police_department.html","","California State Auditor","","2/13/2020","","","","","","","","","","",""
"AOS0911","Redwood City","San Mateo County","CA","Redwood City Police Department","Police","The Redwood City Police Department operates automated license plate readers and accesses external ALPR data. The agency contracts with Vigilant Solutions and Neology/PIPS.","Municipal","Automated License Plate Readers","Vigilant Solutions, Neology/PIPS","https://www.auditor.ca.gov/reports/2019-118/surveys/redwood_city_police_department.html","","California State Auditor","","2/13/2020","","","","","","","","","","",""
"AOS0912","Rio Vista","Solano County","CA","Rio Vista Police Department","Police","The Rio Vista Police Department operates automated license plate readers and accesses external ALPR data. The agency contracts with Vigilant Solutions.","Municipal","Automated License Plate Readers","Vigilant Solutions","https://www.auditor.ca.gov/reports/2019-118/surveys/rio_vista_police_department.html","","California State Auditor","","2/13/2020","","","","","","","","","","",""
"AOS0913","Ripon","San Joaquin County","CA","Ripon Police Department","Police","The Ripon Police Department operates automated license plate readers and accesses external ALPR data. The agency contracts with Vigilant Solutions.","Municipal","Automated License Plate Readers","Vigilant Solutions","https://www.auditor.ca.gov/reports/2019-118/surveys/ripon_police_department.html","","California State Auditor","","2/13/2020","","","","","","","","","","",""
"AOS0914","Riverside","Riverside County","CA","Riverside County Sheriff's Department","Sheriff","The Riverside County Sheriff's Department operates automated license plate readers and accesses external ALPR data. The agency contracts with Vigilant Solutions.","County","Automated License Plate Readers","Vigilant Solutions","https://www.auditor.ca.gov/reports/2019-118/surveys/riverside_county_sheriff.html","","California State Auditor","","2/13/2020","","","","","","","","","","",""
"AOS0915","Riverside","Riverside County","CA","Riverside Police Department","Police","The Riverside Police Department operates automated license plate readers and accesses external ALPR data. The agency contracts with Vigilant Solutions.","Municipal","Automated License Plate Readers","Vigilant Solutions","https://www.auditor.ca.gov/reports/2019-118/surveys/riverside_police_department.html","","California State Auditor","","2/13/2020","","","","","","","","","","",""
"AOS0916","Rocklin","Placer County","CA","Rocklin Police Department","Police","The Rocklin Police Department operates automated license plate readers and accesses external ALPR data. The agency contracts with Vigilant Solutions.","Municipal","Automated License Plate Readers","Vigilant Solutions","https://www.auditor.ca.gov/reports/2019-118/surveys/rocklin_police_department.html","","California State Auditor","","2/13/2020","","","","","","","","","","",""
"AOS0917","Rohnert Park","Sonoma County","CA","Rohnert Park Department of Public Safety","Police","The Rohnert Park Department of Public Safety operates automated license plate readers and accesses external ALPR data. The agency contracts with Vigilant Solutions.","Municipal","Automated License Plate Readers","Vigilant Solutions","https://www.auditor.ca.gov/reports/2019-118/surveys/rohnert_park_department_of_public_safety.html","","California State Auditor","","2/13/2020","","","","","","","","","","",""
"AOS0918","Roseville","Placer County","CA","Roseville Police Department","Police","The Roseville Police Department operates automated license plate readers and accesses external ALPR data. The agency contracts with Vigilant Solutions.","Municipal","Automated License Plate Readers","Vigilant Solutions","https://www.auditor.ca.gov/reports/2019-118/surveys/roseville_police_department.html","","California State Auditor","","2/13/2020","","","","","","","","","","",""
"AOS0919","Sacramento","Sacramento County","CA","Sacramento County Sheriff's Office","Sheriff","The Sacramento County Sheriff's Office operates automated license plate readers and accesses external ALPR data. The agency contracts with Vigilant Solutions.","County","Automated License Plate Readers","Vigilant Solutions","https://www.auditor.ca.gov/reports/2019-118/surveys/sacramento_county_sheriff.html","","California State Auditor","","2/13/2020","","","","","","","","","","",""
"AOS0920","Salinas","Monterey County","CA","Salinas Police Department","Police","The Salinas Police Department operates automated license plate readers and accesses external ALPR data. The agency contracts with Vigilant Solutions.","Municipal","Automated License Plate Readers","Vigilant Solutions","https://www.auditor.ca.gov/reports/2019-118/surveys/salinas_police_department.html","","California State Auditor","","2/13/2020","","","","","","","","","","",""
"AOS0921","San Bernardino","San Bernardino County","CA","San Bernardino Police Department","Police","The San Bernardino Police Department operates automated license plate readers and accesses external ALPR data. The agency contracts with Vigilant Solutions.","Municipal","Automated License Plate Readers","Vigilant Solutions","https://www.auditor.ca.gov/reports/2019-118/surveys/san_bernardino_police_department.html","","California State Auditor","","2/13/2020","","","","","","","","","","",""
"AOS0922","San Bruno","San Mateo County","CA","San Bruno Police Department","Police","The San Bruno Police Department operates automated license plate readers and accesses external ALPR data. The agency contracts with Vigilant Solutions and Neology/PIPS.","Municipal","Automated License Plate Readers","Vigilant Solutions, Neology/PIPS","https://www.auditor.ca.gov/reports/2019-118/surveys/san_bruno_police_department.html","","California State Auditor","","2/13/2020","","","","","","","","","","",""
"AOS0923","San Fernando","Los Angeles County","CA","San Fernando Police Department","Police","The San Fernando Police Department operates automated license plate readers. The agency contracts with Neology/PIPS.","Municipal","Automated License Plate Readers","Neology/PIPS","https://www.auditor.ca.gov/reports/2019-118/surveys/san_fernando_police_department.html","","California State Auditor","","2/13/2020","","","","","","","","","","",""
"AOS0924","San Francisco","San Francisco County","CA","San Francisco Police Department","Police","The San Francisco Police Department operates automated license plate readers and accesses external ALPR data. The agency contracts with Neology/PIPS.","Municipal","Automated License Plate Readers","Neology/PIPS","https://www.auditor.ca.gov/reports/2019-118/surveys/san_francisco_police_department.html","","California State Auditor","","2/13/2020","","","","","","","","","","",""
"AOS0925","San Gabriel","Los Angeles County","CA","San Gabriel Police Department","Police","The San Gabriel Police Department operates automated license plate readers and accesses external ALPR data. The agency contracts with Neology/PIPS.","Municipal","Automated License Plate Readers","Neology/PIPS","https://www.auditor.ca.gov/reports/2019-118/surveys/san_gabriel_police_department.html","","California State Auditor","","2/13/2020","","","","","","","","","","",""
"AOS0926","French Camp","San Joaquin County","CA","San Joaquin County Sheriff's Office","Sheriff","The San Joaquin County Sheriff's Office accesses ALPR data. The agency contracts with Vigilant Solutions.","County","Automated License Plate Readers","Vigilant Solutions","https://www.auditor.ca.gov/reports/2019-118/surveys/san_joaquin_county_sheriff.html","","California State Auditor","","2/13/2020","","","","","","","","","","",""
"AOS0927","San Jose","Santa Clara County","CA","San Jose Police Department","Police","The San Jose Police Department operates automated license plate readers and accesses external ALPR data. The agency contracts with Neology/PIPS.","Municipal","Automated License Plate Readers","Neology/PIPS","https://www.auditor.ca.gov/reports/2019-118/surveys/san_jose_police_department.html","","California State Auditor","","2/13/2020","","","","","","","","","","",""
"AOS0928","San Leandro","Alameda County","CA","San Leandro Police Department","Police","The San Leandro Police Department operates automated license plate readers and accesses external ALPR data. The agency contracts with Neology/PIPS.","Municipal","Automated License Plate Readers","Neology/PIPS","https://www.auditor.ca.gov/reports/2019-118/surveys/san_leandro_police_department.html","","California State Auditor","","2/13/2020","","","","","","","","","","",""
"AOS0929","Oceano","San Luis Obispo County","CA","San Luis Obispo County Sheriff's Office","Sheriff","The San Luis Obispo County Sheriff's Office operates automated license plate readers and accesses external ALPR data. The agency contracts with Vigilant Solutions.","County","Automated License Plate Readers","Vigilant Solutions","https://www.auditor.ca.gov/reports/2019-118/surveys/san_luis_obispo_county_sheriff.html","","California State Auditor","","2/13/2020","","","","","","","","","","",""
"AOS0930","Redwood City","San Mateo County","CA","San Mateo County Sheriff's Office","Sheriff","The San Mateo County Sheriff's Office operates automated license plate readers and accesses external ALPR data. The agency contracts with Vigilant Solutions.","County","Automated License Plate Readers","Vigilant Solutions","https://www.auditor.ca.gov/reports/2019-118/surveys/san_mateo_county_sheriff.html","","California State Auditor","","2/13/2020","https://www.muckrock.com/foi/san-mateo-county-3064/2020-vigilant-data-sharing-information-automated-license-plate-reader-alpr-sheriffs-office-86970/","","MuckRock","","","","","","","",""
"AOS0931","San Mateo","San Mateo County","CA","San Mateo Police Department","Police","The San Mateo Police Department operates automated license plate readers and accesses external ALPR data. The agency contracts with Vigilant Solutions and Neology/PIPS.","Municipal","Automated License Plate Readers","Vigilant Solutions, Neology/PIPS","https://www.auditor.ca.gov/reports/2019-118/surveys/san_mateo_police_department.html","","California State Auditor","","2/13/2020","","","","","","","","","","",""
"AOS0932","San Pablo","Contra Costa County","CA","San Pablo Police Department","Police","The San Pablo Police Department operates automated license plate readers and accesses external ALPR data. The agency contracts with Vigilant Solutions.","Municipal","Automated License Plate Readers","Vigilant Solutions","https://www.auditor.ca.gov/reports/2019-118/surveys/san_pablo_police_department.html","","California State Auditor","","2/13/2020","","","","","","","","","","",""
"AOS0933","San Rafael","Marin County","CA","San Rafael Police Department","Police","The San Rafael Police Department operates automated license plate readers and accesses external ALPR data. The agency contracts with Vigilant Solutions.","Municipal","Automated License Plate Readers","Vigilant Solutions","https://www.auditor.ca.gov/reports/2019-118/surveys/san_rafael_police_department.html","","California State Auditor","","2/13/2020","","","","","","","","","","",""
"AOS0934","San Ramon","Contra Costa County","CA","San Ramon Police Department","Police","The San Ramon Police Department has installed 40 automated license plate readers through the city, including ""on every route of ingress/egress as well as areas surrounding commercial areas."" SRPD used three types of ALPR products: Vigilant Solutions, Avigilon, and Flock Safety. ","Municipal","Automated License Plate Readers","Vigilant Solutions, Flock Safety, Avigilon","https://www.auditor.ca.gov/reports/2019-118/surveys/san_ramon_police_department.html","","California State Auditor","","2/13/2020","https://assets.documentcloud.org/documents/6928552/Camera-Presentation.pdf","","San Ramon Police Department","","2020","http://sanramonca.iqm2.com/citizens/FileOpen.aspx?Type=1&ID=2578&Inline=True","","San Ramon City Council","","04/28/2020",""
"AOS0935","Sand City","Monterey County","CA","Sand City Police Department","Police","The Lake County Sheriff's Office accesses ALPR data.","Municipal","Automated License Plate Readers","","https://www.auditor.ca.gov/reports/2019-118/surveys/sand_city_police_department.html","","California State Auditor","","2/13/2020","","","","","","","","","","",""
"AOS0936","Santa Barbara","Santa Barbara County","CA","Santa Barbara Police Department","Police","The Santa Barbara Police Department operates automated license plate readers and accesses external ALPR data. The agency contracts with Tannery Creek Systems.","Municipal","Automated License Plate Readers","Tannery Creek Systems","https://www.auditor.ca.gov/reports/2019-118/surveys/santa_barbara_police_department.html","","California State Auditor","","2/13/2020","","","","","","","","","","",""
"AOS0937","San Jose","Santa Clara County","CA","Santa Clara County Sheriff's Office","Sheriff","The Santa Clara County Sheriff's Office operates automated license plate readers and accesses external ALPR data. The agency contracts with Neology/PIPS.","County","Automated License Plate Readers","Neology/PIPS","https://www.auditor.ca.gov/reports/2019-118/surveys/santa_clara_county_sheriff.html","","California State Auditor","","2/13/2020","","","","","","","","","","",""
"AOS0938","Santa Clara","Santa Clara County","CA","Santa Clara Police Department","Police","The Santa Clara Police Department operates automated license plate readers and accesses external ALPR data.","Municipal","Automated License Plate Readers","","https://www.auditor.ca.gov/reports/2019-118/surveys/santa_clara_police_department.html","","California State Auditor","","2/13/2020","","","","","","","","","","",""
"AOS0939","Santa Monica","Los Angeles County","CA","Santa Monica Police Department","Police","The Santa Monica Police Department operates automated license plate readers and accesses external ALPR data. The agency contracts with Vigilant Solutions.","Municipal","Automated License Plate Readers","Vigilant Solutions","https://www.auditor.ca.gov/reports/2019-118/surveys/santa_monica_police_department.html","","California State Auditor","","2/13/2020","","","","","","","","","","",""
"AOS0940","Redding","Shasta County","CA","Shasta County Sheriff's Office","Sheriff","The Shasta County Sheriff's Office operates automated license plate readers and accesses external ALPR data. The agency contracts with Vigilant Solutions and Neology/PIPS.","County","Automated License Plate Readers","Vigilant Solutions, Neology/PIPS","https://www.auditor.ca.gov/reports/2019-118/surveys/shasta_county_sheriff.html","","California State Auditor","","2/13/2020","","","","","","","","","","",""
"AOS0941","Signal Hill","Los Angeles County","CA","Signal Hill Police Department","Police","The Signal Hill Police Department operates automated license plate readers and accesses external ALPR data. The agency contracts with Vigilant Solutions and Neology/PIPS.","Municipal","Automated License Plate Readers","Vigilant Solutions, Neology/PIPS","https://www.auditor.ca.gov/reports/2019-118/surveys/signal_hill_police_department.html","","California State Auditor","","2/13/2020","","","","","","","","","","",""
"AOS0942","Fairfield","Solano County","CA","Solano County Sheriff's Office","Sheriff","The Solano County Sheriff's Office operates automated license plate readers and accesses external ALPR data. The agency contracts with Vigilant Solutions and Neology/PIPS.","County","Automated License Plate Readers","Vigilant Solutions, Neology/PIPS","https://www.auditor.ca.gov/reports/2019-118/surveys/solano_county_sheriff.html","","California State Auditor","","2/13/2020","","","","","","","","","","",""
"AOS0943","Santa Rosa","Sonoma County","CA","Sonoma County Sheriff's Office","Sheriff","The Napa Police Department accesses ALPR data.","County","Automated License Plate Readers","","https://www.auditor.ca.gov/reports/2019-118/surveys/sonoma_county_sheriff.html","","California State Auditor","","2/13/2020","","","","","","","","","","",""
"AOS0944","South Gate","Los Angeles County","CA","South Gate Police Department","Police","The South Gate Police Department operates automated license plate readers and accesses external ALPR data. The agency contracts with Neology/PIPS.","Municipal","Automated License Plate Readers","Neology/PIPS","https://www.auditor.ca.gov/reports/2019-118/surveys/south_gate_police_department.html","","California State Auditor","","2/13/2020","","","","","","","","","","",""
"AOS0945","South Pasadena","Los Angeles County","CA","South Pasadena Police Department","Police","The South Pasadena Police Department operates automated license plate readers and accesses external ALPR data. The agency contracts with Vigilant Solutions.","Municipal","Automated License Plate Readers","Vigilant Solutions","https://www.auditor.ca.gov/reports/2019-118/surveys/south_pasadena_police_department.html","","California State Auditor","","2/13/2020","","","","","","","","","","",""
"AOS0946","South San Francisco","San Mateo County","CA","South San Francisco Police Department","Police","The South San Francisco Police Department operates automated license plate readers and accesses external ALPR data. The agency contracts with Neology/PIPS.","Municipal","Automated License Plate Readers","Neology/PIPS","https://www.auditor.ca.gov/reports/2019-118/surveys/south_san_francisco_police_department.html","","California State Auditor","","2/13/2020","","","","","","","","","","",""
"AOS0947","Modesto","Stanislaus County","CA","Stanislaus County Sheriff's Office","Sheriff","The Stanislaus County Sheriff's Office operates automated license plate readers and accesses external ALPR data. The agency contracts with Vigilant Solutions and Rekor.","County","Automated License Plate Readers","Vigilant Solutions, Rekor","https://www.auditor.ca.gov/reports/2019-118/surveys/stanislaus_county_sheriff.html","","California State Auditor","","2/13/2020","","","","","","","","","","",""
"AOS0948","Sunnyvale","Santa Clara County","CA","Sunnyvale Department of Public Safety","Police","The Sunnyvale Department of Public Safety operates automated license plate readers and accesses external ALPR data. The agency contracts with Neology/PIPS.","Municipal","Automated License Plate Readers","Neology/PIPS","https://www.auditor.ca.gov/reports/2019-118/surveys/sunnyvale_department_of_public_safety.html","","California State Auditor","","2/13/2020","","","","","","","","","","",""
"AOS0949","Yuba City","Sutter County","CA","Sutter County Sheriff's Office","Sheriff","The Sutter County Sheriff's Office operates automated license plate readers and accesses external ALPR data. The agency contracts with Vigilant Solutions.","County","Automated License Plate Readers","Vigilant Solutions","https://www.auditor.ca.gov/reports/2019-118/surveys/sutter_county_sheriff.html","","California State Auditor","","2/13/2020","","","","","","","","","","",""
"AOS0950","Red Bluff","Tehama County","CA","Tehama County Sheriff's Office","Sheriff","The Tehama County Sheriff's Office accesses ALPR data. The agency contracts with Vigilant Solutions.","County","Automated License Plate Readers","Vigilant Solutions","https://www.auditor.ca.gov/reports/2019-118/surveys/tehama_county_sheriff.html","","California State Auditor","","2/13/2020","","","","","","","","","","",""
"AOS0951","Tulare","Tulare County","CA","Tulare Police Department","Police","The Tulare Police Department operates automated license plate readers and accesses external ALPR data. The agency contracts with Vigilant Solutions.","Municipal","Automated License Plate Readers","Vigilant Solutions","https://www.auditor.ca.gov/reports/2019-118/surveys/tulare_police_department.html","","California State Auditor","","2/13/2020","","","","","","","","","","",""
"AOS0952","Union City","Alameda County","CA","Union City Police Department","Police","The Union City Police Department accesses ALPR data. The agency contracts with Vigilant Solutions.","Municipal","Automated License Plate Readers","Vigilant Solutions","https://www.auditor.ca.gov/reports/2019-118/surveys/union_city_police_department.html","","California State Auditor","","2/13/2020","https://www.muckrock.com/foi/union-city-3483/alpr-detectionshitssharing-80461/","","MuckRock","","","","","","","",""
"AOS0953","Upland","San Bernardino County","CA","Upland Police Department","Police","The Upland Police Department operates automated license plate readers and accesses external ALPR data. The agency contracts with Vigilant Solutions and ELSAG.","Municipal","Automated License Plate Readers","Vigilant Solutions, ELSAG","https://www.auditor.ca.gov/reports/2019-118/surveys/upland_police_department.html","","California State Auditor","","2/13/2020","","","","","","","","","","",""
"AOS0954","Vacaville","Solano County","CA","Vacaville Police Department","Police","The Vacaville Police Department operates automated license plate readers and accesses external ALPR data. The agency contracts with Neology/PIPS.","Municipal","Automated License Plate Readers","Neology/PIPS","https://www.auditor.ca.gov/reports/2019-118/surveys/vacaville_police_department.html","","California State Auditor","","2/13/2020","","","","","","","","","","",""
"AOS0955","Vallejo","Solano County","CA","Vallejo Police Department","Police","The Vallejo Police Department announced a partnership with Flock Safety to operate automated license plate readers in September 2020. Previously, VPD had installed PIPS/Neology ALPRs.","Municipal","Automated License Plate Readers","Neology/PIPS","https://myemail.constantcontact.com/Vallejo-PD-Introduces-New-Crime-Fighting-Technology-to-the-City-of-Vallejo.html?soid=1107787334147&aid=zsi60aXrOD8","","Vallejo Police Department","","9/29/2020","https://www.cehrp.org/vallejo-cites-ferry-terrorism-to-get-30000-grant-for-license-plate-readers/","","Center for Human Rights and Privacy","","2020","https://www.auditor.ca.gov/reports/2019-118/surveys/vallejo_police_department.html","","California State Auditor","","2/13/2020",""
"AOS0956","Ventura","Ventura County","CA","Ventura County Sheriff's Office","Sheriff","The Ventura County Sheriff's Office operates automated license plate readers and accesses external ALPR data. The agency contracts with Vigilant Solutions.","County","Automated License Plate Readers","Vigilant Solutions","https://www.auditor.ca.gov/reports/2019-118/surveys/ventura_county_sheriff.html","","California State Auditor","","2/13/2020","","","","","","","","","","",""
"AOS0957","Ventura","Ventura County","CA","Ventura Police Department","Police","The Ventura Police Department accesses ALPR data. The agency contracts with Vigilant Solutions.","Municipal","Automated License Plate Readers","Vigilant Solutions","https://www.auditor.ca.gov/reports/2019-118/surveys/ventura_police_department.html","","California State Auditor","","2/13/2020","","","","","","","","","","",""
"AOS0958","Vernon","Los Angeles County","CA","Vernon Police Department","Police","The Vernon Police Department operates automated license plate readers and accesses external ALPR data. The agency contracts with Vigilant Solutions.","Municipal","Automated License Plate Readers","Vigilant Solutions","https://www.auditor.ca.gov/reports/2019-118/surveys/vernon_police_department.html","","California State Auditor","","2/13/2020","","","","","","","","","","",""
"AOS0959","Visalia","Tulare County","CA","Visalia Police Department","Police","The Visalia Police Department operates automated license plate readers and accesses external ALPR data. The agency contracts with Neology/PIPS.","Municipal","Automated License Plate Readers","Neology/PIPS","https://www.auditor.ca.gov/reports/2019-118/surveys/visalia_police_department.html","","California State Auditor","","2/13/2020","","","","","","","","","","",""
"AOS0960","Walnut Creek","Contra Costa County","CA","Walnut Creek Police Department","Police","The Walnut Creek Police Department operates automated license plate readers and accesses external ALPR data. The agency contracts with Vigilant Solutions.","Municipal","Automated License Plate Readers","Vigilant Solutions","https://www.auditor.ca.gov/reports/2019-118/surveys/walnut_creek_police_department.html","","California State Auditor","","2/13/2020","https://www.muckrock.com/foi/walnut-creek-3493/alpr-detectionshitssharing-80454/","","MuckRock","","","","","","","",""
"AOS0961","West Covina","Los Angeles County","CA","West Covina Police Department","Police","The West Covina Police Department operates automated license plate readers and accesses external ALPR data. The agency contracts with Vigilant Solutions.","Municipal","Automated License Plate Readers","Vigilant Solutions","https://www.auditor.ca.gov/reports/2019-118/surveys/west_covina_police_department.html","","California State Auditor","","2/13/2020","","","","","","","","","","",""
"AOS0962","West Sacramento","Yolo County","CA","West Sacramento Police Department","Police","The West Sacramento Police Department operates automated license plate readers and accesses external ALPR data. The agency contracts with Vigilant Solutions.","Municipal","Automated License Plate Readers","Vigilant Solutions","https://www.auditor.ca.gov/reports/2019-118/surveys/west_sacramento_police_department.html","","California State Auditor","","2/13/2020","","","","","","","","","","",""
"AOS0963","Westminster","Orange County","CA","Westminster Police Department","Police","The Westminster Police Department operates automated license plate readers and accesses external ALPR data. The agency contracts with Vigilant Solutions.","Municipal","Automated License Plate Readers","Vigilant Solutions","https://www.auditor.ca.gov/reports/2019-118/surveys/westminster_police_department.html","","California State Auditor","","2/13/2020","","","","","","","","","","",""
"AOS0964","Westmorland","Imperial County","CA","Westmorland Police Department","Police","The Westmorland Police Department accesses ALPR data. The agency contracts with Vigilant Solutions.","Municipal","Automated License Plate Readers","Vigilant Solutions","https://www.auditor.ca.gov/reports/2019-118/surveys/westmorland_police_department.html","","California State Auditor","","2/13/2020","","","","","","","","","","",""
"AOS0965","Whittier","Los Angeles County","CA","Whittier Police Department","Police","The Whittier Police Department accesses ALPR data. The agency contracts with Vigilant Solutions.","Municipal","Automated License Plate Readers","Vigilant Solutions","https://www.auditor.ca.gov/reports/2019-118/surveys/whittier_police_department.html","","California State Auditor","","2/13/2020","","","","","","","","","","",""
"AOS0966","Woodland","Yolo County","CA","Woodland Police Department","Police","The Woodland Police Department operates automated license plate readers and accesses external ALPR data. The agency contracts with Vigilant Solutions.","Municipal","Automated License Plate Readers","Vigilant Solutions","https://www.auditor.ca.gov/reports/2019-118/surveys/woodland_police_department.html","","California State Auditor","","2/13/2020","https://www.muckrock.com/foi/woodland-3513/2020-vigilant-data-sharing-information-automated-license-plate-reader-alpr-police-department-89448/#comms","","Woodland Police Department","","","Public records","","","","",""
"AOS0967","Woodland","Yolo County","CA","Yolo County Sheriff's Office","Sheriff","The Yolo County Sheriff's Office operates automated license plate readers and accesses external ALPR data. The agency contracts with Vigilant Solutions.","County","Automated License Plate Readers","Vigilant Solutions","https://www.auditor.ca.gov/reports/2019-118/surveys/yolo_county_sheriff.html","","California State Auditor","","2/13/2020","","","","","","","","","","",""
"AOS0968","Redwood","San Mateo County","CA","San Mateo County Sheriff's Office","Sheriff","The San Mateo County Sheriff’s Office has run about 2,000 searches with Clearview AI face recognition technology, according to records obtained by Buzzfeed. ","County","Face Recognition","Clearview AI","https://www.buzzfeednews.com/article/ryanmac/clearview-ai-fbi-ice-global-law-enforcement","","Buzzfeed News","","02/27/2020","","","","","","","","","","",""
"AOS0972","Antioch","Contra Costa County","CA","Antioch Police Department","Police","The Antioch Police Department spent $3,000 on Clearview AI face recognition technology in late 2019. ","Municipal","Face Recognition","Clearview AI","https://www.antiochca.gov/fc/government/agendas/CityCouncil/2020/agendas/011420/011420.pdf","","City of Antioch","","1/14/2020","","","","","","","","","","",""
"AOS0983","San Jose","Santa Clara County","CA","Santa Clara County Sheriff's Office","Sheriff","The Santa Clara County Sheriff's Office maintains a voluntary registry of private and personal surveillance cameras through Motorola Solutions.","County","Camera Registry","Motorola Solutions","https://analytics-api.commandcentral.com/camera_registration#/agencies","","Command Central","","","","","","","","","","","","",""
"AOS0987","Los Altos","Santa Clara County","CA","Los Altos Police Department","Police","The Los Altos Police Department maintains a voluntary registry of private and personal surveillance cameras through Motorola Solutions.","Municipal","Camera Registry","Motorola Solutions","https://analytics-api.commandcentral.com/camera_registration#/agencies","","Command Central","","","","","","","","","","","","",""
"AOS0994","El Cerrito","Contra Costa County","CA","El Cerrito Police Department","Police","The El Cerrito Police Department maintains a voluntary registry of private and personal surveillance cameras through Motorola Solutions.","Municipal","Camera Registry","Motorola Solutions","https://analytics-api.commandcentral.com/camera_registration#/agencies","","Command Central","","","","","","","","","","","","",""
"AOS1010","Vallejo","Solano County","CA","Vallejo Police Department","Police","The Vallejo Police Department maintains a voluntary registry of private and personal surveillance cameras through Motorola Solutions.","Municipal","Camera Registry","Motorola Solutions","https://analytics-api.commandcentral.com/camera_registration#/agencies","","Command Central","","","","","","","","","","","","",""
"AOS1012","Pacific Grove","Monterey County","CA","Pacific Grove Police Department","Police","The Pacific Grove Police Department maintains a voluntary registry of private and personal surveillance cameras through Motorola Solutions.","Municipal","Camera Registry","Motorola Solutions","https://analytics-api.commandcentral.com/camera_registration#/agencies","","Command Central","","","","","","","","","","","","",""
"AOS1015","Benicia","Solano County","CA","Benicia Police Department","Police","The Benicia Police Department maintains a voluntary registry of private and personal surveillance cameras through Motorola Solutions.","Municipal","Camera Registry","Motorola Solutions","https://analytics-api.commandcentral.com/camera_registration#/agencies","","Command Central","","","","","","","","","","","","",""
"AOS1016","Salinas","Monterey County","CA","Monterey County Sheriff's Office","Sheriff","The Monterey County Sheriff's Office maintains a voluntary registry of private and personal surveillance cameras through Motorola Solutions.","County","Camera Registry","Motorola Solutions","https://analytics-api.commandcentral.com/camera_registration#/agencies","","Command Central","","","","","","","","","","","","",""
"AOS1017","Greenfield","Monterey County","CA","Greenfield Police Department","Police","The Greenfield Police Department maintains a voluntary registry of private and personal surveillance cameras through Motorola Solutions.","Municipal","Camera Registry","Motorola Solutions","https://analytics-api.commandcentral.com/camera_registration#/agencies","","Command Central","","","","","","","","","","","","",""
"AOS1030","Banning","Riverside County","CA","Banning Police Department","Police","The Banning Police Department maintains a voluntary registry of private and personal surveillance cameras through Motorola Solutions.","Municipal","Camera Registry","Motorola Solutions","https://analytics-api.commandcentral.com/camera_registration#/agencies","","Command Central","","","","","","","","","","","","",""
"AOS1031","Union City","Alameda County","CA","Union City Police Department","Police","The Union City Police Department maintains a voluntary registry of private and personal surveillance cameras through Motorola Solutions.","Municipal","Camera Registry","Motorola Solutions","https://analytics-api.commandcentral.com/camera_registration#/agencies","","Command Central","","","","","","","","","","","","",""
"AOS1038","Hermosa Beach","Los Angeles County","CA","Hermosa Beach Police Department","Police","The Hermosa Beach Police Department maintains a voluntary registry of private and personal surveillance cameras through Motorola Solutions.","Municipal","Camera Registry","Motorola Solutions","https://analytics-api.commandcentral.com/camera_registration#/agencies","","Command Central","","","","","","","","","","","","",""
"AOS1044","Elk Grove","Sacramento County","CA","Elk Grove Police Department","Police","The Elk Grove Police Department maintains a voluntary registry of private and personal surveillance cameras through Motorola Solutions.","Municipal","Camera Registry","Motorola Solutions","https://analytics-api.commandcentral.com/camera_registration#/agencies","","Command Central","","","","","","","","","","","","",""
"AOS1058","Placerville","El Dorado County","CA","El Dorado County Sheriff's Office","Sheriff","The El Dorado County Sheriff's Office maintains a voluntary registry of private and personal surveillance cameras through Motorola Solutions.","County","Camera Registry","Motorola Solutions","https://analytics-api.commandcentral.com/camera_registration#/agencies","","Command Central","","","","","","","","","","","","",""
"AOS1062","Turlock","Stanislaus County","CA","Turlock Police Department","Police","The Turlock Police Department maintains a voluntary registry of private and personal surveillance cameras through Motorola Solutions.","Municipal","Camera Registry","Motorola Solutions","https://analytics-api.commandcentral.com/camera_registration#/agencies","","Command Central","","","","","","","","","","","","",""
"AOS1065","Westminster","Orange County","CA","Westminster Police Department","Police","The Westminster Police Department maintains a voluntary registry of private and personal surveillance cameras through Motorola Solutions.","Municipal","Camera Registry","Motorola Solutions","https://analytics-api.commandcentral.com/camera_registration#/agencies","","Command Central","","","","","","","","","","","","",""
"AOS1066","Campbell","Santa Clara County","CA","Campbell Police Department","Police","The Campbell Police Department maintains a voluntary registry of private and personal surveillance cameras through Motorola Solutions.","Municipal","Camera Registry","Motorola Solutions","https://analytics-api.commandcentral.com/camera_registration#/agencies","","Command Central","","","","","","","","","","","","",""
"AOS1068","Seaside","Monterey County","CA","Seaside Police Department","Police","The Seaside Police Department maintains a voluntary registry of private and personal surveillance cameras through Motorola Solutions.","Municipal","Camera Registry","Motorola Solutions","https://analytics-api.commandcentral.com/camera_registration#/agencies","","Command Central","","","","","","","","","","","","",""
"AOS1085","Antioch","Contra Costa County","CA","Antioch Police Department","Police","The Antioch Police Department maintains a voluntary registry of private and personal surveillance cameras through Motorola Solutions.","Municipal","Camera Registry","Motorola Solutions","https://analytics-api.commandcentral.com/camera_registration#/agencies","","Command Central","","","","","","","","","","","","",""
"AOS1087","Santa Cruz","Santa Cruz County","CA","Santa Cruz Police Department","Police","The Santa Cruz Police Department maintains a voluntary registry of private and personal surveillance cameras through Motorola Solutions.","Municipal","Camera Registry","Motorola Solutions","https://analytics-api.commandcentral.com/camera_registration#/agencies","","Command Central","","","","","","","","","","","","",""
"AOS1090","Los Angeles","Los Angeles County","CA","Los Angeles Police Department","Police","The Los Angeles Police Department maintains a voluntary registry of private and personal surveillance cameras through Motorola Solutions.","Municipal","Camera Registry","Motorola Solutions","https://analytics-api.commandcentral.com/camera_registration#/agencies","","Command Central","","","","","","","","","","","","",""
"AOS1097","Orinda","Contra Costa County","CA","Orinda Police Department","Police","The Orinda Police Department maintains a voluntary registry of private and personal surveillance cameras through Motorola Solutions.","Municipal","Camera Registry","Motorola Solutions","https://analytics-api.commandcentral.com/camera_registration#/agencies","","Command Central","","","","","","","","","","","","",""
"AOS1129","Carmel By The Sea","Monterey County","CA","Carmel Police Department","Police","The Carmel Police Department maintains a voluntary registry of private and personal surveillance cameras through Motorola Solutions.","Municipal","Camera Registry","Motorola Solutions","https://analytics-api.commandcentral.com/camera_registration#/agencies","","Command Central","","","","","","","","","","","","",""
"AOS1132","Arcadia","Los Angeles County","CA","Arcadia Police Department","Police","The Arcadia Police Department maintains a voluntary registry of private and personal surveillance cameras through Motorola Solutions.","Municipal","Camera Registry","Motorola Solutions","https://analytics-api.commandcentral.com/camera_registration#/agencies","","Command Central","","","","","","","","","","","","",""
"AOS1145","Del Rey Oaks","Monterey County","CA","Del Rey Oaks Police Department","Police","The Del Rey Oaks Police Department maintains a voluntary registry of private and personal surveillance cameras through Motorola Solutions.","Municipal","Camera Registry","Motorola Solutions","https://analytics-api.commandcentral.com/camera_registration#/agencies","","Command Central","","","","","","","","","","","","",""
"AOS1161","Oakland","Alameda County","CA","Alameda County Sheriff's Office","Sheriff","The Alameda County Sheriff's Office’s Office operates 10 drones as of 2014, according to data compiled by the Center for the Study of the Drone at Bard College.","County","Drones","Aircover, DJI, Aeryon","https://dronecenter.bard.edu/projects/public-safety-drones-project/public-safety-drones-3rd-edition/","","Center for the Study of the Drone at Bard College","","2020","http://arstechnica.com/tech-policy/2016/07/county-sheriff-quietly-expands-drone-fleet-to-6-flown-dozens-of-times/","","arstechnica.com","","","","","","","",""
"AOS1165","Alhambra","Los Angeles County","CA","Alhambra Police Department","Police","The Alhambra Police Department operates one drone as of 2020, according to data compiled by the Center for the Study of the Drone at Bard College.","Municipal","Drones","","https://dronecenter.bard.edu/projects/public-safety-drones-project/public-safety-drones-3rd-edition/","","Center for the Study of the Drone at Bard College","","2020","https://www.faa.gov/uas/commercial_operators/part_107_waivers/waivers_issued/media/107W-2019-06744_Minh_Lee_CoW.pdf","","www.faa.gov","","","","","","","",""
"AOS1170","Markleeville","Alpine County","CA","Alpine County Sheriff's Office","Sheriff","The Alpine County Sheriff's Office operates one DJI Inspire drone as of 2019, according to data compiled by the Center for the Study of the Drone at Bard College.","County","Drones","DJI","https://dronecenter.bard.edu/projects/public-safety-drones-project/public-safety-drones-3rd-edition/","","Center for the Study of the Drone at Bard College","","2020","https://www.kolotv.com/content/news/Sierra-county-finding-search-and-rescue-uses-for-drones-512148342.html","","www.kolotv.com","","","","","","","",""
"AOS1172","Anaheim","Orange County","CA","Anaheim Police Department","Police","The Anaheim Police Department operates one drone, according to data compiled by the Center for the Study of the Drone at Bard College.","Municipal","Drones","","https://dronecenter.bard.edu/projects/public-safety-drones-project/public-safety-drones-3rd-edition/","","Center for the Study of the Drone at Bard College","","2020","https://www.anaheim.net/DocumentCenter/View/29459/APD-Policy-Manual","","www.anaheim.net","","","","","","","",""
"AOS1175","Anderson","Shasta County","CA","Anderson Police Department","Police","The Anderson Police Department operates one Yuneec Typhoon Q500 drone as of 2015, according to data compiled by the Center for the Study of the Drone at Bard College.","Municipal","Drones","Yuneec","https://dronecenter.bard.edu/projects/public-safety-drones-project/public-safety-drones-3rd-edition/","","Center for the Study of the Drone at Bard College","","2020","http://www.krcrtv.com/news/local/shasta/anderson-police-to-start-using-a-drone_20160513180945421/11162108","","www.krcrtv.com","","","","","","","",""
"AOS1179","Antioch","Contra Costa County","CA","Antioch Police Department","Police","The Antioch Police Department operates two drones as of 2019, according to data compiled by the Center for the Study of the Drone at Bard College.","Municipal","Drones","","https://dronecenter.bard.edu/projects/public-safety-drones-project/public-safety-drones-3rd-edition/","","Center for the Study of the Drone at Bard College","","2020","https://www.eastbaytimes.com/2019/07/20/east-bay-police-department-adds-drones-to-its-crime-fighting-arsenal/?utm_campaign=socialflow&utm_medium=social&utm_content=fb-PittsburgNews&utm_source=facebook.com","","www.eastbaytimes.com","","","https://www.antiochca.gov/fc/government/city-manager/reports/weekly/080519.pdf","","www.antiochca.gov","","",""
"AOS1198","Avenal","King County","CA","Avenal Police Department","Police","The Avenal Police Department operates one drone, according to data compiled by the Center for the Study of the Drone at Bard College.","Municipal","Drones","","https://dronecenter.bard.edu/projects/public-safety-drones-project/public-safety-drones-3rd-edition/","","Center for the Study of the Drone at Bard College","","2020","http://www.cityofavenal.com/DocumentCenter/View/2496/Chapter---6---Investigation-Operations","","www.cityofavenal.com","","","","","","","",""
"AOS1201","Azusa","Los Angeles County","CA","Azusa Police Department","Police","The Azusa Police Department operates one drone as of 2017, according to data compiled by the Center for the Study of the Drone at Bard College.","Municipal","Drones","","https://dronecenter.bard.edu/projects/public-safety-drones-project/public-safety-drones-3rd-edition/","","Center for the Study of the Drone at Bard College","","2020","https://www.faa.gov/uas/request_waiver/waivers_granted/media/107W-2017-02400_Sam_Fleming_CoW.pdf","","www.faa.gov","","","https://www.cbsnews.com/news/azusa-california-mountain-lion-caught/","","www.cbsnews.com","","",""
"AOS1202","Bakersfield","Kern County","CA","Bakersfield Police Department","Police","The Bakersfield Police Department operates two drones as of 2017, according to data compiled by the Center for the Study of the Drone at Bard College.","Municipal","Drones","DJI, Parrot","https://dronecenter.bard.edu/projects/public-safety-drones-project/public-safety-drones-3rd-edition/","","Center for the Study of the Drone at Bard College","","2020","https://www.muckrock.com/foi/bakersfield-3105/california-public-records-request-unmanned-aeriel-vehicles-bakersfield-police-department-66594/","","www.muckrock.com","","","","","","","",""
"AOS1210","Barstow","San Bernardino County","CA","Barstow Police Department","Police","The Barstow Police Department operates one drone as of 2017, according to data compiled by the Center for the Study of the Drone at Bard College.","Municipal","Drones","","https://dronecenter.bard.edu/projects/public-safety-drones-project/public-safety-drones-3rd-edition/","","Center for the Study of the Drone at Bard College","","2020","https://www.faa.gov/uas/request_waiver/waivers_granted/media/107W-2017-01778_Peter_DAndrea_CoW.pdf","","www.faa.gov","","","http://www.barstowca.org/Home/Components/News/News/1409/4402?npage=2","","www.barstowca.org","","",""
"AOS1217","Beaumont","Riverside County","CA","Beaumont Police Department","Police","The Beaumont Police Department operates one DJI Phantom drone as of 2017, according to data compiled by the Center for the Study of the Drone at Bard College.","Municipal","Drones","DJI","https://dronecenter.bard.edu/projects/public-safety-drones-project/public-safety-drones-3rd-edition/","","Center for the Study of the Drone at Bard College","","2020","https://www.faa.gov/uas/request_waiver/waivers_granted/media/107W-2017-05124_Robert_Galletta_CoW.pdf","","www.faa.gov","","","","","","","",""
"AOS1253","Brentwood","Contra Costa County","CA","Brentwood Police Department","Police","The Brentwood Police Department operates one drone as of 2019, according to data compiled by the Center for the Study of the Drone at Bard College.","Municipal","Drones","","https://dronecenter.bard.edu/projects/public-safety-drones-project/public-safety-drones-3rd-edition/","","Center for the Study of the Drone at Bard College","","2020","https://www.faa.gov/uas/commercial_operators/part_107_waivers/waivers_issued/media/107W-2019-06180_Eric_Huesman_CoW.pdf","","www.faa.gov","","","","","","","",""
"AOS1269","Buena Park","Orange County","CA","Buena Park Police Department","Police","The Buena Park Police Department operates two DJI drones as of 2019, according to data compiled by the Center for the Study of the Drone at Bard College.","Municipal","Drones","DJI","https://dronecenter.bard.edu/projects/public-safety-drones-project/public-safety-drones-3rd-edition/","","Center for the Study of the Drone at Bard College","","2020","http://www.buenapark.com/home/showdocument?id=16120","","www.buenapark.com","","","https://www.facebook.com/buenaparkpd/posts/2139917786298189?comment_id=2139952202961414&comment_tracking=%7B%22tn%22%3A%22R%22%7D","","www.facebook.com","","",""
"AOS1272","Burbank","Los Angeles County","CA","Burbank Police Department","Police","The Burbank Police Department operates two DJI drones as of 2019, according to data compiled by the Center for the Study of the Drone at Bard College.","Municipal","Drones","DJI","https://dronecenter.bard.edu/projects/public-safety-drones-project/public-safety-drones-3rd-edition/","","Center for the Study of the Drone at Bard College","","2020","https://myburbank.com/burbank-polices-newest-tool-flies-high/","","myburbank.com","","","","","","","",""
"AOS1277","Seaside","Monterey County","CA","Cal State Monterey University Police Department","Police","The Cal State Monterey University Police Department operates one DJI Phantom drone as of 2015, according to data compiled by the Center for the Study of the Drone at Bard College.","University","Drones","DJI","https://dronecenter.bard.edu/projects/public-safety-drones-project/public-safety-drones-3rd-edition/","","Center for the Study of the Drone at Bard College","","2020","http://registry.faa.gov/aircraftinquiry/NNum_Results.aspx?NNumbertxt=551NA","","registry.faa.gov","","","","","","","",""
"AOS1278","San Andreas","Calaveras County","CA","Calaveras County Sheriff's Office","Sheriff","The Calaveras County Sheriff's Office operates one DJI Matrice 600 drone as of 2017, according to data compiled by the Center for the Study of the Drone at Bard College.","County","Drones","DJI","https://dronecenter.bard.edu/projects/public-safety-drones-project/public-safety-drones-3rd-edition/","","Center for the Study of the Drone at Bard College","","2020","http://sheriff.calaverasgov.us/Portals/Sheriff/Documents/Administration/Policy_Manual_RELEASE_March_2017.pdf","","sheriff.calaverasgov.us","","","","","","","",""
"AOS1287","Carlsbad","San Diego County","CA","Carlsbad Police Department","Police","The Carlsbad Police Department operates one drone, according to data compiled by the Center for the Study of the Drone at Bard College.","Municipal","Drones","","https://dronecenter.bard.edu/projects/public-safety-drones-project/public-safety-drones-3rd-edition/","","Center for the Study of the Drone at Bard College","","2020","https://www.faa.gov/uas/commercial_operators/part_107_waivers/waivers_issued/media/107W-2018-11480_Shaun_Lawton_CoW.pdf","","www.faa.gov","","","","","","","",""
"AOS1297","Ceres","Stanislaus County","CA","Ceres Police Department","Police","The Ceres Police Department operates three drones as of 2019, according to data compiled by the Center for the Study of the Drone at Bard College.","Municipal","Drones","","https://dronecenter.bard.edu/projects/public-safety-drones-project/public-safety-drones-3rd-edition/","","Center for the Study of the Drone at Bard College","","2020","https://www.cerescourier.com/news/local/drone-use-debated-approved-council/","","www.cerescourier.com","","","http://www.ci.ceres.ca.us/DocumentCenter/View/3384/Ceres-PD-Policy---12-4-19","","www.ci.ceres.ca.us","","",""
"AOS1308","Chino","San Bernardino County","CA","Chino Police Department","Police","The Chino Police Department operates three DJI drones as of 2017, according to data compiled by the Center for the Study of the Drone at Bard College.","Municipal","Drones","DJI","https://dronecenter.bard.edu/projects/public-safety-drones-project/public-safety-drones-3rd-edition/","","Center for the Study of the Drone at Bard College","","2020","https://www.faa.gov/uas/request_waiver/waivers_granted/media/107W-2017-04182_Aaron_Kelliher_CoW.pdf","","www.faa.gov","","","http://www.championnewspapers.com/image_df70890a-bb4a-11e7-9db6-ffc58265bdee.html","","www.championnewspapers.com","","",""
"AOS1312","Chula Vista","San Diego County","CA","Chula Vista Police Department","Police","The Chula Vista Police Department operates six drones as of 2015, according to data compiled by the Center for the Study of the Drone at Bard College.","Municipal","Drones","DJI, Skydio","https://dronecenter.bard.edu/projects/public-safety-drones-project/public-safety-drones-3rd-edition/","","Center for the Study of the Drone at Bard College","","2020","http://registry.faa.gov/aircraftinquiry/NNum_Results.aspx?NNumbertxt=619TD","","registry.faa.gov","","","https://www.policeone.com/police-products/Police-Drones/articles/482768006-Calif-PDs-drone-program-faces-early-growing-pains/","","www.policeone.com","","",""
"AOS1316","Citrus Heights","Sacramento County","CA","Citrus Heights Police Department","Police","The Citrus Heights Police Department operates one DJI Mavic drone, according to data compiled by the Center for the Study of the Drone at Bard College.","Municipal","Drones","DJI","https://dronecenter.bard.edu/projects/public-safety-drones-project/public-safety-drones-3rd-edition/","","Center for the Study of the Drone at Bard College","","2020","https://twitter.com/citrusheightspd/status/1223721719220727809","","twitter.com","","","","","","","",""
"AOS1331","Clovis","Fresno County","CA","Clovis Police Department","Police","The Clovis Police Department operates two DJI drones as of 2018, according to data compiled by the Center for the Study of the Drone at Bard College.","Municipal","Drones","DJI","https://dronecenter.bard.edu/projects/public-safety-drones-project/public-safety-drones-3rd-edition/","","Center for the Study of the Drone at Bard College","","2020","https://cityofclovis.com/wp-content/uploads/2019/12/Unmanned-Aircraft-Systems-Core-Competencies-and-Training.pdf","","cityofclovis.com","","","https://kmph.com/news/local/clovis-police-captain-dan-sullivan-passes-away","","kmph.com","","",""
"AOS1345","Martinez","Contra Costa County","CA","Contra Costa County Sheriff's Office","Sheriff","The Contra Costa County Sheriff's Office operates three drones as of 2016, according to data compiled by the Center for the Study of the Drone at Bard College.","County","Drones","","https://dronecenter.bard.edu/projects/public-safety-drones-project/public-safety-drones-3rd-edition/","","Center for the Study of the Drone at Bard College","","2020","http://cocosheriff.org/bureaus/field_operations/special_operations/starr.htm","","cocosheriff.org","","","","","","","",""
"AOS1349","Corona","Riverside County","CA","Corona Police Department","Police","The Corona Police Department operates two DJI drones as of 2019, according to data compiled by the Center for the Study of the Drone at Bard College.","Municipal","Drones","DJI","https://dronecenter.bard.edu/projects/public-safety-drones-project/public-safety-drones-3rd-edition/","","Center for the Study of the Drone at Bard College","","2020","https://www.coronaca.gov/Home/Components/News/News/3584/1976","","www.coronaca.gov","","","https://www.dartdrones.com/blog/third-round-public-safety-grant/","","www.dartdrones.com","","",""
"AOS1364","Culver","Los Angeles County","CA","Culver City Police Department","Police","The Culver City Police Department operates eight DJI drones as of 2018, according to data compiled by the Center for the Study of the Drone at Bard College.","Municipal","Drones","DJI","https://dronecenter.bard.edu/projects/public-safety-drones-project/public-safety-drones-3rd-edition/","","Center for the Study of the Drone at Bard College","","2020","https://warrensz.me/culver-city-approves-police-drone-purchase-but-declines-automatic-license-plate-reader-contract/","","warrensz.me","","","https://culver-city.legistar.com/LegislationDetail.aspx?ID=3371207&GUID=16D62B4B-5438-4927-8924-5B364745C4E5&Options=&Search=&FullText=1","","culver-city.legistar.com","","",""
"AOS1373","Danville","Contra Costa County","CA","Danville Police Department","Police","The Danville Police Department operates one drone, according to data compiled by the Center for the Study of the Drone at Bard College.","Municipal","Drones","","https://dronecenter.bard.edu/projects/public-safety-drones-project/public-safety-drones-3rd-edition/","","Center for the Study of the Drone at Bard College","","2020","https://www.danville.ca.gov/CivicAlerts.aspx?AID=251","","www.danville.ca.gov","","","","","","","",""
"AOS1383","Delano","Kern County","CA","Delano Police Department","Police","The Delano Police Department operates one drone, according to data compiled by the Center for the Study of the Drone at Bard College.","Municipal","Drones","","https://dronecenter.bard.edu/projects/public-safety-drones-project/public-safety-drones-3rd-edition/","","Center for the Study of the Drone at Bard College","","2020","https://www.cityofdelano.org/DocumentCenter/View/4975/Policy-606-Unmanned-Aerial-System-UAS-Operations","","www.cityofdelano.org","","","","","","","",""
"AOS1423","El Cajon","San Diego County","CA","El Cajon Police Department","Police","The El Cajon Police Department operates one drone as of 2019, according to data compiled by the Center for the Study of the Drone at Bard College.","Municipal","Drones","","https://dronecenter.bard.edu/projects/public-safety-drones-project/public-safety-drones-3rd-edition/","","Center for the Study of the Drone at Bard College","","2020","https://www.faa.gov/uas/commercial_operators/part_107_waivers/waivers_issued/media/107W-2019-02042_Randy_Soulard_CoW.pdf","","www.faa.gov","","","","","","","",""
"AOS1424","El Cerrito","Contra Costa County","CA","El Cerrito Police Department","Police","The El Cerrito Police Department operates one drone as of 2018, according to data compiled by the Center for the Study of the Drone at Bard College.","Municipal","Drones","","https://dronecenter.bard.edu/projects/public-safety-drones-project/public-safety-drones-3rd-edition/","","Center for the Study of the Drone at Bard College","","2020","https://elcerritoprogressives.com/2019/10/24/el-cerrito-pd-unveils-drone-policy-pushing-back-on-a-surveillance-ordinance/","","elcerritoprogressives.com","","","","","","","",""
"AOS1425","Placerville","El Dorado County","CA","El Dorado County District Attorney","District Attorney","The El Dorado County District Attorney operates one DJI Phantom drone as of 2016, according to data compiled by the Center for the Study of the Drone at Bard College.","County","Drones","DJI","https://dronecenter.bard.edu/projects/public-safety-drones-project/public-safety-drones-3rd-edition/","","Center for the Study of the Drone at Bard College","","2020","http://registry.faa.gov/aircraftinquiry/NNum_Results.aspx?NNumbertxt=767ZD","","registry.faa.gov","","","https://www.mtdemocrat.com/news/drone-technology-makes-jury-duty-a-hot-ticket/","","www.mtdemocrat.com","","",""
"AOS1426","Placerville","El Dorado County","CA","El Dorado County Sheriff's Office","Sheriff","The El Dorado County Sheriff's Office operates one drone as of 2017, according to data compiled by the Center for the Study of the Drone at Bard College.","County","Drones","","https://dronecenter.bard.edu/projects/public-safety-drones-project/public-safety-drones-3rd-edition/","","Center for the Study of the Drone at Bard College","","2020","http://www.folsomtelegraph.com/article/3/03/15/unmanned-aircrafts-drones-take-sky","","www.folsomtelegraph.com","","","https://www.usatoday.com/story/news/local/2015/07/30/ca-national-guard-drone-used-in-search-for-missing-man-in-el-dorado-national-forest/30914587/","","www.usatoday.com","","",""
"AOS1430","Elk Grove","Sacramento County","CA","Elk Grove Police Department","Police","The Elk Grove Police Department operates six DJI drones as of 2019, according to data compiled by the Center for the Study of the Drone at Bard College.","Municipal","Drones","DJI","https://dronecenter.bard.edu/projects/public-safety-drones-project/public-safety-drones-3rd-edition/","","Center for the Study of the Drone at Bard College","","2020","http://www.egcitizen.com/news/elk-grove-police-begin-using-drones/article_414eed86-f1e7-11e9-a8b9-f78feca6f57b.html","","www.egcitizen.com","","","http://www.elkgrovepd.org/community/community_programs/u_a_s_program","","www.elkgrovepd.org","","",""
"AOS1438","Escalon","San Joaquin County","CA","Escalon Police Department","Police","The Escalon Police Department operates one DJI Phantom drone as of 2017, according to data compiled by the Center for the Study of the Drone at Bard College.","Municipal","Drones","DJI","https://dronecenter.bard.edu/projects/public-safety-drones-project/public-safety-drones-3rd-edition/","","Center for the Study of the Drone at Bard College","","2020","http://escalontimes.com/section/11/article/7377/","","escalontimes.com","","","http://cityofescalon.org/e-documents/citycouncilagendasminutes/citycouncilminutes/2017/171204.pdf","","cityofescalon.org","","",""
"AOS1439","Escondido","San Diego County","CA","Escondido Police Department","Police","The Escondido Police Department operates one drone as of 2017, according to data compiled by the Center for the Study of the Drone at Bard College.","Municipal","Drones","","https://dronecenter.bard.edu/projects/public-safety-drones-project/public-safety-drones-3rd-edition/","","Center for the Study of the Drone at Bard College","","2020","https://www.thecoastnews.com/escondido-to-consider-police-drone-immigration-enforcement-federal-dollars/","","www.thecoastnews.com","","","","","","","",""
"AOS1460","Folsom","Sacramento County","CA","Folsom Police Department","Police","The Folsom Police Department operates one drone as of 2018, according to data compiled by the Center for the Study of the Drone at Bard College.","Municipal","Drones","","https://dronecenter.bard.edu/projects/public-safety-drones-project/public-safety-drones-3rd-edition/","","Center for the Study of the Drone at Bard College","","2020","https://www.faa.gov/uas/commercial_operators/part_107_waivers/waivers_issued/media/107W-2018-16221_Adam_Gonzalez_CoW.pdf","","www.faa.gov","","","","","","","",""
"AOS1462","Fontana","San Bernardino County","CA","Fontana Police Department","Police","The Fontana Police Department operates two drones as of 2016, according to data compiled by the Center for the Study of the Drone at Bard College.","Municipal","Drones","DJI, NMotion","https://dronecenter.bard.edu/projects/public-safety-drones-project/public-safety-drones-3rd-edition/","","Center for the Study of the Drone at Bard College","","2020","http://www.sbsun.com/technology/20160423/4-inland-law-enforcement-agencies-are-using-preparing-to-use-drones","","www.sbsun.com","","","","","","","",""
"AOS1485","Fremont","Alameda County","CA","Fremont Police Department","Police","The Fremont Police Department operates three DJI drones as of 2017, according to data compiled by the Center for the Study of the Drone at Bard College.","Municipal","Drones","DJI","https://dronecenter.bard.edu/projects/public-safety-drones-project/public-safety-drones-3rd-edition/","","Center for the Study of the Drone at Bard College","","2020","http://abc7news.com/drones-used-increasingly-in-fremont-to-track-suspects-rescue-stranded-people/3073497/","","abc7news.com","","","https://www.google.com/url?sa=t&rct=j&q=&esrc=s&source=web&cd=40&ved=0ahUKEwjv5K_m4I3aAhWmdd8KHdMEAG4QFgjtATAn&url=http%3A%2F%2Ffremontcityca.iqm2.com%2FCitizens%2FFileOpen.aspx%3FType%3D30%26ID%3D7991&usg=AOvVaw1x8NXrDE8FbRU52Emr0vpe","","www.google.com","","",""
"AOS1487","Fresno","Fresno County","CA","Fresno Police Department","Police","The Fresno Police Department operates one DJI Mavic drone as of 2019, according to data compiled by the Center for the Study of the Drone at Bard College.","Municipal","Drones","DJI","https://dronecenter.bard.edu/projects/public-safety-drones-project/public-safety-drones-3rd-edition/","","Center for the Study of the Drone at Bard College","","2020","https://www.yourcentralvalley.com/news/a-look-at-fresno-pds-new-drones/","","www.yourcentralvalley.com","","","","","","","",""
"AOS1488","Fullerton","Orange County","CA","Fullerton Police Department","Police","The Fullerton Police Department operates three DJI drones as of 2020, according to data compiled by the Center for the Study of the Drone at Bard College.","Municipal","Drones","DJI","https://dronecenter.bard.edu/projects/public-safety-drones-project/public-safety-drones-3rd-edition/","","Center for the Study of the Drone at Bard College","","2020","https://fullertonpd.org/team/units/unmanned_aerial_system/default.asp","","fullertonpd.org","","","","","","","",""
"AOS1515","Grass Valley","Nevada County","CA","Grass Valley Police Department","Police","The Grass Valley Police Department operates one DJI Matrice 210 drone, according to data compiled by the Center for the Study of the Drone at Bard College.","Municipal","Drones","DJI","https://dronecenter.bard.edu/projects/public-safety-drones-project/public-safety-drones-3rd-edition/","","Center for the Study of the Drone at Bard College","","2020","https://www.theunion.com/news/grass-valley-police-drone-helps-in-search-for-man-at-south-yuba-river/","","The Union","","7/19/2019","https://www.theunion.com/news/grass-valley-police-drone-helps-in-search-for-man-at-south-yuba-river/","","www.theunion.com","","",""
"AOS1540","Hanford","Kings County","CA","Hanford Police Department","Police","The Hanford Police Department operates one DJI Matrice 100 drone as of 2018, according to data compiled by the Center for the Study of the Drone at Bard College.","Municipal","Drones","DJI","https://dronecenter.bard.edu/projects/public-safety-drones-project/public-safety-drones-3rd-edition/","","Center for the Study of the Drone at Bard College","","2020","https://hanfordsentinel.com/news/local/hanford-pd-starts-drone-program/article_3b1d1fee-9737-5f4b-8462-67f9a61c561a.html","","hanfordsentinel.com","","","","","","","",""
"AOS1579","Huntington Beach","Orange County","CA","Huntington Beach Police Department","Police","The Huntington Beach Police Department operates two drones as of 2018, according to data compiled by the Center for the Study of the Drone at Bard College.","Municipal","Drones","","https://dronecenter.bard.edu/projects/public-safety-drones-project/public-safety-drones-3rd-edition/","","Center for the Study of the Drone at Bard College","","2020","https://www.sandiegouniontribune.com/news/california/la-me-hb-drones-20180620-story.html","","www.sandiegouniontribune.com","","","https://www.faa.gov/uas/commercial_operators/part_107_waivers/waivers_issued/media/107W-2020-00246_Chris_Nesmith_CoW.pdf","","www.faa.gov","","",""
"AOS1580","Huntington Park","Los Angeles County","CA","Huntington Park Police Department","Police","The Huntington Park Police Department operates one drone, according to data compiled by the Center for the Study of the Drone at Bard College.","Municipal","Drones","","https://dronecenter.bard.edu/projects/public-safety-drones-project/public-safety-drones-3rd-edition/","","Center for the Study of the Drone at Bard College","","2020","http://hppolice.org/wp-content/uploads/2019/09/Huntington-Park-Police-Policy-Manual-Rev.-08-05-2019.pdf","","hppolice.org","","","","","","","",""
"AOS1587","El Centro","Imperial County","CA","Imperial County Sheriff's Office","Sheriff","The Imperial County Sheriff's Office operates three DJI drones as of 2019, according to data compiled by the Center for the Study of the Drone at Bard College.","County","Drones","DJI","https://dronecenter.bard.edu/projects/public-safety-drones-project/public-safety-drones-3rd-edition/","","Center for the Study of the Drone at Bard College","","2020","https://kyma.com/news/imperial-county/2019/11/20/icso-to-display-unmanned-drone-program/","","kyma.com","","","","","","","",""
"AOS1596","Irvine","Orange County","CA","Irvine Police Department","Police","The Irvine Police Department operates one DJI Matrice 210 drone as of 2018, according to data compiled by the Center for the Study of the Drone at Bard College.","Municipal","Drones","DJI","https://dronecenter.bard.edu/projects/public-safety-drones-project/public-safety-drones-3rd-edition/","","Center for the Study of the Drone at Bard College","","2020","https://voiceofoc.org/2018/10/irvine-police-department-begins-drone-program/","","voiceofoc.org","","","","","","","",""
"AOS1636","Bakersfield","Kern County","CA","Kern County Sheriff's Office","Sheriff","The Kern County Sheriff's Office operates five DJI drones as of 2018, according to data compiled by the Center for the Study of the Drone at Bard College.","County","Drones","DJI","https://dronecenter.bard.edu/projects/public-safety-drones-project/public-safety-drones-3rd-edition/","","Center for the Study of the Drone at Bard College","","2020","https://www.faa.gov/uas/request_waiver/waivers_granted/media/107W-2018-10994_Tim_Caughron_CoW.pdf","","www.faa.gov","","","https://www.muckrock.com/foi/kern-county-3042/california-public-records-request-unmanned-aeriel-vehicles-kern-county-sheriffs-office-66596/","","www.muckrock.com","","",""
"AOS1639","Hanford","Kings County","CA","Kings County Sheriff's Office","Sheriff","The Kings County Sheriff's Office operates one DJI Matrice drone as of 2017, according to data compiled by the Center for the Study of the Drone at Bard College.","County","Drones","DJI","https://dronecenter.bard.edu/projects/public-safety-drones-project/public-safety-drones-3rd-edition/","","Center for the Study of the Drone at Bard College","","2020","https://www.countyofkings.com/home/showdocument?id=16649","","www.countyofkings.com","","","https://hanfordsentinel.com/news/local/hanford-pd-starts-drone-program/article_3b1d1fee-9737-5f4b-8462-67f9a61c561a.html","","hanfordsentinel.com","","",""
"AOS1649","Laguna Beach","Orange County","CA","Laguna Beach Police Department","Police","The Laguna Beach Police Department operates three DJI drones as of 2018, according to data compiled by the Center for the Study of the Drone at Bard College.","Municipal","Drones","DJI","https://dronecenter.bard.edu/projects/public-safety-drones-project/public-safety-drones-3rd-edition/","","Center for the Study of the Drone at Bard College","","2020","https://www.ocregister.com/2018/09/28/laguna-beach-builds-its-drone-police-force-with-an-eye-on-the-future-of-law-enforcement/","","www.ocregister.com","","","https://stunewslaguna.com/index.php/2-uncategorised/5940-lbpd-drone-program-launches-071018","","stunewslaguna.com","","",""
"AOS1689","Lodi","San Joaquin County","CA","Lodi Police Department","Police","The Lodi Police Department operates one DJI Phantom drone as of 2017, according to data compiled by the Center for the Study of the Drone at Bard College.","Municipal","Drones","DJI","https://dronecenter.bard.edu/projects/public-safety-drones-project/public-safety-drones-3rd-edition/","","Center for the Study of the Drone at Bard College","","2020","http://www.lodinews.com/news/article_d1e7ae18-42cb-11e8-86aa-ab9eba14d08d.html","","www.lodinews.com","","","","","","","",""
"AOS1692","Long Beach","Los Angeles County","CA","Long Beach Police Department","Police","The Long Beach Police Department operates four DJI drones as of 2017, according to data compiled by the Center for the Study of the Drone at Bard College.","Municipal","Drones","DJI","https://dronecenter.bard.edu/projects/public-safety-drones-project/public-safety-drones-3rd-edition/","","Center for the Study of the Drone at Bard College","","2020","https://www.muckrock.com/foi/long-beach-291/california-public-records-request-unmanned-aeriel-vehicles-long-beach-police-department-66591/","","www.muckrock.com","","","","","","","",""
"AOS1694","Valencia","Los Angeles County","CA","Los Angeles County Sheriff's Department","Sheriff","The Los Angeles County Sheriff's Department operates one DJI Matrice 100 drone as of 2017, according to data compiled by the Center for the Study of the Drone at Bard College.","County","Drones","DJI","https://dronecenter.bard.edu/projects/public-safety-drones-project/public-safety-drones-3rd-edition/","","Center for the Study of the Drone at Bard College","","2020","http://sheriff.lacounty.gov/wps/portal/lasd/media/detail/?current=true&urile=wcm:path:/lasd+content/lasd+site/home/home+top+stories/sheriff+mcdonnell+introduces+unmanned+aircraft+system+for+deployment+during+rescue_+hazmat+and+disaster+response+operations","","sheriff.lacounty.gov","","","","","","","",""
"AOS1695","Los Angeles","Los Angeles County","CA","Los Angeles Police Department","Police","The Los Angeles Police Department operates four drones as of 2014, according to data compiled by the Center for the Study of the Drone at Bard College.","Municipal","Drones","Draganfly Innovations, DJI","https://dronecenter.bard.edu/projects/public-safety-drones-project/public-safety-drones-3rd-edition/","","Center for the Study of the Drone at Bard College","","2020","http://www.latimes.com/opinion/op-ed/la-oe-newton-column-lapd-drones-20141117-column.html","","www.latimes.com","","","","","","","",""
"AOS1696","Los Banos","Merced County","CA","Los Banos Police Department","Police","The Los Banos Police Department operates two DJI drones as of 2018, according to data compiled by the Center for the Study of the Drone at Bard College.","Municipal","Drones","DJI","https://dronecenter.bard.edu/projects/public-safety-drones-project/public-safety-drones-3rd-edition/","","Center for the Study of the Drone at Bard College","","2020","https://www.faa.gov/uas/request_waiver/waivers_granted/media/107W-2018-10394_Jason_Hedden_CoW.pdf","","www.faa.gov","","","http://abc30.com/small-law-enforcement-agencies-using-drones-to-tackle-crime/3226591/","","abc30.com","","",""
"AOS1712","Manteca","San Joaquin County","CA","Manteca Police Department","Police","The Manteca Police Department operates three DJI drones as of 2018, according to data compiled by the Center for the Study of the Drone at Bard College.","Municipal","Drones","DJI","https://dronecenter.bard.edu/projects/public-safety-drones-project/public-safety-drones-3rd-edition/","","Center for the Study of the Drone at Bard College","","2020","https://www.mantecabulletin.com/news/local-news/q-public-manteca-pd-drones-saturday/","","www.mantecabulletin.com","","","https://www.facebook.com/LenaHowland/videos/294687964566768/","","www.facebook.com","","",""
"AOS1716","San Rafael","Marin County","CA","Marin County Sheriff's Office","Sheriff","The Marin County Sheriff's Office operates five drones as of 2018, according to data compiled by the Center for the Study of the Drone at Bard College.","County","Drones","","https://dronecenter.bard.edu/projects/public-safety-drones-project/public-safety-drones-3rd-edition/","","Center for the Study of the Drone at Bard College","","2020","https://www.ptreyeslight.com/article/sheriff-drone-program-takes","","www.ptreyeslight.com","","","","","","","",""
"AOS1720","Marysville","Yuba County","CA","Marysville Police Department","Police","The Marysville Police Department operates one drone as of 2018, according to data compiled by the Center for the Study of the Drone at Bard College.","Municipal","Drones","","https://dronecenter.bard.edu/projects/public-safety-drones-project/public-safety-drones-3rd-edition/","","Center for the Study of the Drone at Bard College","","2020","https://yubanet.com/regional/grant-helps-marysville-police-department-purchase-drones-to-aid-in-rescue-operations/","","yubanet.com","","","","","","","",""
"AOS1734","Ukiah","Mendocino County","CA","Mendocino County District Attorney","District Attorney","The Mendocino County District Attorney operates one DJI Matrice 210 drone as of 2019, according to data compiled by the Center for the Study of the Drone at Bard College.","County","Drones","DJI","https://dronecenter.bard.edu/projects/public-safety-drones-project/public-safety-drones-3rd-edition/","","Center for the Study of the Drone at Bard College","","2020","https://www.ukiahdailyjournal.com/2019/07/20/unmanned-aerial-system-assisting-mendocino-county-investigators-first-responders/","","www.ukiahdailyjournal.com","","","","","","","",""
"AOS1735","Ukiah","Mendocino County","CA","Mendocino County Sheriff's Office Search and Rescue","Sheriff","The Mendocino County Sheriff's Office Search and Rescue operates one drone, according to data compiled by the Center for the Study of the Drone at Bard College.","County","Drones","","https://dronecenter.bard.edu/projects/public-safety-drones-project/public-safety-drones-3rd-edition/","","Center for the Study of the Drone at Bard College","","2020","https://www.mendocinosar.org/teams","","www.mendocinosar.org","","","","","","","",""
"AOS1736","Merced","Merced County","CA","Merced County Sheriff's Office","Sheriff","The Merced County Sheriff's Office operates two drones as of 2017, according to data compiled by the Center for the Study of the Drone at Bard College.","County","Drones","","https://dronecenter.bard.edu/projects/public-safety-drones-project/public-safety-drones-3rd-edition/","","Center for the Study of the Drone at Bard College","","2020","","","","","","","","","","",""
"AOS1737","Merced","Merced County","CA","Merced Police Department","Police","The Merced Police Department operates five DJI drones as of 2017, according to data compiled by the Center for the Study of the Drone at Bard College.","Municipal","Drones","DJI","https://dronecenter.bard.edu/projects/public-safety-drones-project/public-safety-drones-3rd-edition/","","Center for the Study of the Drone at Bard College","","2020","http://www.mercedcountytimes.net/editorials/030818_drones.html","","www.mercedcountytimes.net","","","https://cityofmerced.legistar.com/LegislationDetail.aspx?ID=3201340&GUID=F7019C1C-3FA1-4F36-816B-D4B155B9F0D1","","cityofmerced.legistar.com","","",""
"AOS1769","Salinas","Monterey County","CA","Monterey County Sheriff's Office","Sheriff","The Monterey County Sheriff's Office operates six DJI drones as of 2018, according to data compiled by the Center for the Study of the Drone at Bard College.","County","Drones","DJI","https://dronecenter.bard.edu/projects/public-safety-drones-project/public-safety-drones-3rd-edition/","","Center for the Study of the Drone at Bard College","","2020","https://unmanned-aerial.com/monterey-county-sheriffs-deploy-uas-to-track-down-suspect","","unmanned-aerial.com","","","","","","","",""
"AOS1782","Morro Bay","San Luis Obispo County","CA","Morro Bay Police Department","Police","The Morro Bay Police Department operates two DJI drones as of 2017, according to data compiled by the Center for the Study of the Drone at Bard College.","Municipal","Drones","DJI","https://dronecenter.bard.edu/projects/public-safety-drones-project/public-safety-drones-3rd-edition/","","Center for the Study of the Drone at Bard College","","2020","https://www.ksby.com/news/local-news/morro-bay-police-actively-using-drones-to-help-with-enforcement","","www.ksby.com","","","","","","","",""
"AOS1789","Murrieta","Riverside County","CA","Murrieta Police Department","Police","The Murrieta Police Department operates one drone, according to data compiled by the Center for the Study of the Drone at Bard College.","Municipal","Drones","","https://dronecenter.bard.edu/projects/public-safety-drones-project/public-safety-drones-3rd-edition/","","Center for the Study of the Drone at Bard College","","2020","https://www.murrietaca.gov/DocumentCenter/View/1872/Murrieta-Police-Department-Policy-Manual","","www.murrietaca.gov","","","","","","","",""
"AOS1795","Napa","Napa County","CA","Napa County Sheriff's Office","Sheriff","The Napa County Sheriff's Office operates five DJI drones as of 2019, according to data compiled by the Center for the Study of the Drone at Bard College.","County","Drones","DJI","https://dronecenter.bard.edu/projects/public-safety-drones-project/public-safety-drones-3rd-edition/","","Center for the Study of the Drone at Bard College","","2020","https://napavalleyregister.com/news/local/napa-county-sheriff-rolls-out-drones-to-help-with-search/article_97e3c5f3-82c0-5476-b51c-05ab27abab36.html","","napavalleyregister.com","","","","","","","",""
"AOS1798","National City","San Diego County","CA","National City Police Department","Police","The National City Police Department operates one DJI Phantom drone as of 2018, according to data compiled by the Center for the Study of the Drone at Bard College.","Municipal","Drones","DJI","https://dronecenter.bard.edu/projects/public-safety-drones-project/public-safety-drones-3rd-edition/","","Center for the Study of the Drone at Bard College","","2020","https://fox5sandiego.com/2018/07/12/national-city-police-gain-eyes-in-the-sky-with-new-drone-program/","","fox5sandiego.com","","","","","","","",""
"AOS1811","Newark","Alameda County","CA","Newark Police Department","Police","The Newark Police Department operates two drones as of 2017, according to data compiled by the Center for the Study of the Drone at Bard College.","Municipal","Drones","","https://dronecenter.bard.edu/projects/public-safety-drones-project/public-safety-drones-3rd-edition/","","Center for the Study of the Drone at Bard College","","2020","http://www.newark.org/images/uploads/ctymgr/pdfs/AgendasPackets/2017/Apr%2027%20agd%20pkt.pdf","","www.newark.org","","","","","","","",""
"AOS1833","Oakdale","Stanislaus County","CA","Oakdale Police Department","Police","The Oakdale Police Department operates one drone as of 2018, according to data compiled by the Center for the Study of the Drone at Bard College.","Municipal","Drones","","https://dronecenter.bard.edu/projects/public-safety-drones-project/public-safety-drones-3rd-edition/","","Center for the Study of the Drone at Bard College","","2020","http://www.oakdaleleader.com/archives/21134/preview/","","www.oakdaleleader.com","","","","","","","",""
"AOS1841","Oceanside","San Diego County","CA","Oceanside Police Department","Police","The Oceanside Police Department operates one drone, according to data compiled by the Center for the Study of the Drone at Bard College.","Municipal","Drones","","https://dronecenter.bard.edu/projects/public-safety-drones-project/public-safety-drones-3rd-edition/","","Center for the Study of the Drone at Bard College","","2020","https://www.ci.oceanside.ca.us/civicax/filebank/blobdload.aspx?BlobID=51464","","www.ci.oceanside.ca.us","","","","","","","",""
"AOS1853","Orange","Orange County","CA","Orange Police Department","Police","The Orange Police Department operates one drone as of 2019, according to data compiled by the Center for the Study of the Drone at Bard College.","Municipal","Drones","","https://dronecenter.bard.edu/projects/public-safety-drones-project/public-safety-drones-3rd-edition/","","Center for the Study of the Drone at Bard College","","2020","https://www.faa.gov/uas/commercial_operators/part_107_waivers/waivers_issued/media/107W-2019-01856_Shawn_Haydon_CoW.pdf","","www.faa.gov","","","","","","","",""
"AOS1859","Orinda","Contra Costa County","CA","Orinda Police Department","Police","The Orinda Police Department operates one DJI Mavic drone as of 2019, according to data compiled by the Center for the Study of the Drone at Bard College.","Municipal","Drones","DJI","https://dronecenter.bard.edu/projects/public-safety-drones-project/public-safety-drones-3rd-edition/","","Center for the Study of the Drone at Bard College","","2020","https://www.gofundme.com/orinda-pd-drone.","","www.gofundme.com","","","https://www.eastbaytimes.com/2019/02/07/orinda-council-oks-police-drone/","","www.eastbaytimes.com","","",""
"AOS1872","Oxnard","Ventura County","CA","Oxnard Police Department","Police","The Oxnard Police Department operates one drone as of 2019, according to data compiled by the Center for the Study of the Drone at Bard College.","Municipal","Drones","","https://dronecenter.bard.edu/projects/public-safety-drones-project/public-safety-drones-3rd-edition/","","Center for the Study of the Drone at Bard College","","2020","https://www.citizensjournal.us/oxnard-police-departments-first-drone-deployment-assists-with-the-arrest-of-a-brandishing-suspect/","","www.citizensjournal.us","","","","","","","",""
"AOS1900","Pittsburg","Contra Costa County","CA","Pittsburg Police Department","Police","The Pittsburg Police Department operates two DJI drones as of 2018, according to data compiled by the Center for the Study of the Drone at Bard College.","Municipal","Drones","DJI","https://dronecenter.bard.edu/projects/public-safety-drones-project/public-safety-drones-3rd-edition/","","Center for the Study of the Drone at Bard College","","2020","https://www.mercurynews.com/2019/07/20/east-bay-police-department-adds-drones-to-its-crime-fighting-arsenal/","","www.mercurynews.com","","","","","","","",""
"AOS1902","Tahoe City","Placer County","CA","Placer County Sheriff's Office","Sheriff","The Placer County Sheriff's Office operates two DJI drones as of 2019, according to data compiled by the Center for the Study of the Drone at Bard College.","County","Drones","DJI","https://dronecenter.bard.edu/projects/public-safety-drones-project/public-safety-drones-3rd-edition/","","Center for the Study of the Drone at Bard College","","2020","https://www.placer.ca.gov/5822/UAS-Unmanned-Aerial-System","","www.placer.ca.gov","","","","","","","",""
"AOS1910","Pomona","Los Angeles County","CA","Pomona Police Department","Police","The Pomona Police Department operates one drone as of 2017, according to data compiled by the Center for the Study of the Drone at Bard College.","Municipal","Drones","","https://dronecenter.bard.edu/projects/public-safety-drones-project/public-safety-drones-3rd-edition/","","Center for the Study of the Drone at Bard College","","2020","https://www.faa.gov/uas/request_waiver/waivers_granted/media/107W-2017-04476_Richard_Martinez_CoW.pdf","","www.faa.gov","","","https://www.linkedin.com/in/cesar-rivera-24b95527","","www.linkedin.com","","",""
"AOS1912","Los Angeles","Los Angeles County","CA","Port of Los Angeles Police Department","Police","The Port of Los Angeles Police Department operates six DJI drones as of 2019, according to data compiled by the Center for the Study of the Drone at Bard College.","Municipal","Drones","DJI","https://dronecenter.bard.edu/projects/public-safety-drones-project/public-safety-drones-3rd-edition/","","Center for the Study of the Drone at Bard College","","2020","https://www.dailybreeze.com/2019/12/20/la-port-preparing-to-launch-unmanned-drone-technology/","","www.dailybreeze.com","","","https://spectrumnews1.com/ca/la-west/public-safety/2020/01/08/police-pilot-new-drones-at-port-of-los-angeles#","","spectrumnews1.com","","",""
"AOS1944","Red Bluff","Tehama County","CA","Red Bluff Police Department","Police","The Red Bluff Police Department operates one DJI Mavic drone as of 2018, according to data compiled by the Center for the Study of the Drone at Bard College.","Municipal","Drones","DJI","https://dronecenter.bard.edu/projects/public-safety-drones-project/public-safety-drones-3rd-edition/","","Center for the Study of the Drone at Bard College","","2020","https://www.facebook.com/rbpd.org/posts/2306535492732991?comment_id=2306685376051336&comment_tracking=%7B%22tn%22%3A%22R%22%7D","","www.facebook.com","","","","","","","",""
"AOS1948","Redding","Shasta County","CA","Redding Police Department","Police","The Redding Police Department operates three DJI drones as of 2018, according to data compiled by the Center for the Study of the Drone at Bard College.","Municipal","Drones","DJI","https://dronecenter.bard.edu/projects/public-safety-drones-project/public-safety-drones-3rd-edition/","","Center for the Study of the Drone at Bard College","","2020","http://www.redding.com/story/news/local/2017/12/15/bethel-church-offers-give-redding-25-000-police-drones/954147001/","","www.redding.com","","","https://krcrtv.com/news/shasta-county/redding-city-council-set-to-review-rpd-drone-policies-protocols","","krcrtv.com","","",""
"AOS1949","Redlands","San Bernardino County","CA","Redlands Police Department","Police","The Redlands Police Department operates four DJI drones as of 2019, according to data compiled by the Center for the Study of the Drone at Bard College.","Municipal","Drones","DJI","https://dronecenter.bard.edu/projects/public-safety-drones-project/public-safety-drones-3rd-edition/","","Center for the Study of the Drone at Bard College","","2020","https://www.redlandscommunitynews.com/news/public_safety/redlands-police-use-drones-and-other-devices-effectively/article_ff62b69c-f10e-11e9-968a-936df46c289d.html","","www.redlandscommunitynews.com","","","","","","","",""
"AOS1963","Richmond","Contra Costa County","CA","Richmond Police Department","Police","The Richmond Police Department operates one drone as of 2016, according to data compiled by the Center for the Study of the Drone at Bard College.","Municipal","Drones","","https://dronecenter.bard.edu/projects/public-safety-drones-project/public-safety-drones-3rd-edition/","","Center for the Study of the Drone at Bard College","","2020","https://www.skyfireconsulting.com/our-clients/","","www.skyfireconsulting.com","","","","","","","",""
"AOS1969","Ripon","San Joaquin County","CA","Ripon Police Department","Police","The Ripon Police Department operates two DJI drones as of 2016, according to data compiled by the Center for the Study of the Drone at Bard College.","Municipal","Drones","DJI","https://dronecenter.bard.edu/projects/public-safety-drones-project/public-safety-drones-3rd-edition/","","Center for the Study of the Drone at Bard College","","2020","http://www.mantecabulletin.com/section/1/article/140360/","","www.mantecabulletin.com","","","","","","","",""
"AOS1971","Riverside","Riverside County","CA","Riverside County Sheriff's Department","Sheriff","The Riverside County Sheriff's Department operates two Sentera drones as of 2016, according to data compiled by the Center for the Study of the Drone at Bard College.","County","Drones","Sentera","https://dronecenter.bard.edu/projects/public-safety-drones-project/public-safety-drones-3rd-edition/","","Center for the Study of the Drone at Bard College","","2020","http://abc7.com/news/drone-to-help-riverside-sheriffs-department-with-searches/1368666/","","abc7.com","","","","","","","",""
"AOS1981","Roseville","Placer County","CA","Roseville Police Department","Police","The Roseville Police Department operates one DJI Phantom drone as of 2018, according to data compiled by the Center for the Study of the Drone at Bard College.","Municipal","Drones","DJI","https://dronecenter.bard.edu/projects/public-safety-drones-project/public-safety-drones-3rd-edition/","","Center for the Study of the Drone at Bard College","","2020","https://www.kcra.com/article/roseville-police-highlight-impact-of-drones-on-police-work/25990482","","www.kcra.com","","","","","","","",""
"AOS1992","Sacramento","Sacramento County","CA","Sacramento Police Department","Police","The Sacramento Police Department operates 12 drones as of 2020, according to data compiled by the Center for the Study of the Drone at Bard College.","Municipal","Drones","","https://dronecenter.bard.edu/projects/public-safety-drones-project/public-safety-drones-3rd-edition/","","Center for the Study of the Drone at Bard College","","2020","https://www.abc10.com/article/news/local/sacramento/sacramento-police-department-rolling-out-cutting-edge-micro-drones/103-067c0b8b-7f29-40cd-b3b9-2bf315ba17a5","","www.abc10.com","","","","","","","",""
"AOS1998","San Bernardino","San Bernardino County","CA","San Bernardino Police Department","Police","The San Bernardino Police Department operates one DJI Inspire drone as of 2016, according to data compiled by the Center for the Study of the Drone at Bard College.","Municipal","Drones","DJI","https://dronecenter.bard.edu/projects/public-safety-drones-project/public-safety-drones-3rd-edition/","","Center for the Study of the Drone at Bard College","","2020","http://www.pe.com/articles/drone-801141-cardillo-driver.html","","www.pe.com","","","","","","","",""
"AOS1999","San Diego","San Diego County","CA","San Diego County Sheriff's Department","Sheriff","The San Diego County Sheriff's Department operates 12 DJI drones as of 2016, according to data compiled by the Center for the Study of the Drone at Bard College.","County","Drones","DJI","https://dronecenter.bard.edu/projects/public-safety-drones-project/public-safety-drones-3rd-edition/","","Center for the Study of the Drone at Bard College","","2020","http://www.delmartimes.net/encinitas-advocate/news/local-news/sdea-san-diego-sheriffs-department-considering-drones-2016mar08-story.html","","www.delmartimes.net","","","https://www.muckrock.com/news/archives/2012/nov/15/san-diego-county-sheriff-refuses-release-drone-doc/","","www.muckrock.com","","",""
"AOS2000","San Diego","San Diego County","CA","San Diego Harbor Police Department","Police","The San Diego Harbor Police Department operates two DJI drones as of 2018, according to data compiled by the Center for the Study of the Drone at Bard College.","Municipal","Drones","DJI","https://dronecenter.bard.edu/projects/public-safety-drones-project/public-safety-drones-3rd-edition/","","Center for the Study of the Drone at Bard College","","2020","https://www.faa.gov/uas/commercial_operators/part_107_waivers/waivers_issued/media/107W-2018-16178_Alexander_Kahn_CoW.pdf","","www.faa.gov","","","https://www.muckrock.com/foi/san-diego-56/california-public-records-request-unmanned-aeriel-vehicles-san-diego-harbor-police-department-66611/files/","","www.muckrock.com","","",""
"AOS2001","San Diego","San Diego County","CA","San Diego Police Department","Police","The San Diego Police Department operates one drone as of 2018, according to data compiled by the Center for the Study of the Drone at Bard College.","Municipal","Drones","","https://dronecenter.bard.edu/projects/public-safety-drones-project/public-safety-drones-3rd-edition/","","Center for the Study of the Drone at Bard College","","2020","https://www.faa.gov/uas/commercial_operators/part_107_waivers/waivers_issued/media/107W-2018-14259_Nicholas_Link_CoW.pdf","","www.faa.gov","","","","","","","",""
"AOS2002","French Camp","San Joaquin County","CA","San Joaquin County Sheriff's Office","Sheriff","The San Joaquin County Sheriff's Office operates eight drones as of 2018, according to data compiled by the Center for the Study of the Drone at Bard College.","County","Drones","Autel Robotics, DJI","https://dronecenter.bard.edu/projects/public-safety-drones-project/public-safety-drones-3rd-edition/","","Center for the Study of the Drone at Bard College","","2020","https://www.lodinews.com/news/article_5b6b7ff8-ca1f-11e9-9404-e77147a47697.html","","www.lodinews.com","","","https://sacramento.cbslocal.com/2019/07/01/drones-help-san-joaquin-county-deputies-locate-people/","","sacramento.cbslocal.com","","",""
"AOS2003","San Jose","Santa Clara County","CA","San Jose Police Department","Police","The San Jose Police Department operates one Century Helicopter Products Neo 660 V2 drone as of 2014, according to data compiled by the Center for the Study of the Drone at Bard College.","Municipal","Drones","Century Helicopter Products","https://dronecenter.bard.edu/projects/public-safety-drones-project/public-safety-drones-3rd-edition/","","Center for the Study of the Drone at Bard College","","2020","http://www.mercurynews.com/2014/08/05/san-jose-police-apologize-for-drone-secrecy-promise-transparency/","","www.mercurynews.com","","","","","","","",""
"AOS2004","Oceano","San Luis Obispo County","CA","San Luis Obispo County Sheriff's Office","Sheriff","The San Luis Obispo County Sheriff's Office Search and Rescue Team operates one DJI Matrice 210 drone as of 2018, according to data compiled by the Center for the Study of the Drone at Bard College.","County","Drones","DJI","https://dronecenter.bard.edu/projects/public-safety-drones-project/public-safety-drones-3rd-edition/","","Center for the Study of the Drone at Bard College","","2020","http://safslo.org/media/Newsletter-201808.pdf","","safslo.org","","","","","","","",""
"AOS2006","San Pablo","Contra Costa County","CA","San Pablo Police Department","Police","The San Pablo Police Department operates one Impossible Aerospace US-1 drone as of 2018, according to data compiled by the Center for the Study of the Drone at Bard College.","Municipal","Drones","Impossible Aerospace","https://dronecenter.bard.edu/projects/public-safety-drones-project/public-safety-drones-3rd-edition/","","Center for the Study of the Drone at Bard College","","2020","https://richmondstandard.com/uncategorized/2019/08/08/new-drone-public-safety-program-coming-to-san-pablo/","","richmondstandard.com","","","","","","","",""
"AOS2007","San Ramon","Contra Costa County","CA","San Ramon Police Department","Police","The San Ramon Police Department operates two DJI drones, according to data compiled by the Center for the Study of the Drone at Bard College.","Municipal","Drones","DJI","https://dronecenter.bard.edu/projects/public-safety-drones-project/public-safety-drones-3rd-edition/","","Center for the Study of the Drone at Bard College","","2020","https://patch.com/california/sanramon/suspicious-device-prompts-evacuation-san-ramon-shopping-center","","patch.com","","","https://www.facebook.com/DanvilleCAPolice/videos/drone-demo-1-is-done-k9-demo-at-1130am-and-drone-demo-2-at-1230pm-plenty-of-time/511410796327324/?__so__=permalink&__rv__=related_videos","","www.facebook.com","","",""
"AOS2011","Santa Cruz","Santa Cruz County","CA","Santa Cruz County Sheriff's Office","Sheriff","The Santa Cruz County Sheriff's Office operates 12 DJI drones as of 2019, according to data compiled by the Center for the Study of the Drone at Bard College.","County","Drones","DJI","https://dronecenter.bard.edu/projects/public-safety-drones-project/public-safety-drones-3rd-edition/","","Center for the Study of the Drone at Bard College","","2020","https://www.scsheriff.com/Portals/1/County/sheriff/SCSO_Report_2018.pdf","","www.scsheriff.com","","","https://www.facebook.com/SantaCruzSheriffsOffice/posts/2357929474284790?comment_id=2358004394277298","","www.facebook.com","","",""
"AOS2012","Santa Monica","Los Angeles County","CA","Santa Monica Police Department","Police","The Santa Monica Police Department operates one drone as of 2019, according to data compiled by the Center for the Study of the Drone at Bard College.","Municipal","Drones","","https://dronecenter.bard.edu/projects/public-safety-drones-project/public-safety-drones-3rd-edition/","","Center for the Study of the Drone at Bard College","","2020","https://www.faa.gov/uas/commercial_operators/part_107_waivers/waivers_issued/media/107W-2019-01417_Joseph_Cortez_CoW.pdf","","www.faa.gov","","","","","","","",""
"AOS2013","Santa Rosa","Sonoma County","CA","Santa Rosa Police Department","Police","The Santa Rosa Police Department operates three DJI drones as of 2016, according to data compiled by the Center for the Study of the Drone at Bard College.","Municipal","Drones","DJI","https://dronecenter.bard.edu/projects/public-safety-drones-project/public-safety-drones-3rd-edition/","","Center for the Study of the Drone at Bard College","","2020","https://srcity.org/2828/Drone-Program","","srcity.org","","","https://srcity.org/2828/Drone-Program","","srcity.org","","",""
"AOS2027","Selma","Fresno County","CA","Selma Police Department","Police","The Selma Police Department operates one drone as of 2019, according to data compiled by the Center for the Study of the Drone at Bard College.","Municipal","Drones","","https://dronecenter.bard.edu/projects/public-safety-drones-project/public-safety-drones-3rd-edition/","","Center for the Study of the Drone at Bard College","","2020","https://hanfordsentinel.com/community/selma-police-adds-drones-to-policing-tools/article_600077f4-0c66-5815-adcc-865b31f5070e.html","","hanfordsentinel.com","","","","","","","",""
"AOS2047","Santa Rosa","Sonoma County","CA","Sonoma County Sheriff's Office","Sheriff","The Sonoma County Sheriff's Office operates two drones as of 2016, according to data compiled by the Center for the Study of the Drone at Bard College.","County","Drones","","https://dronecenter.bard.edu/projects/public-safety-drones-project/public-safety-drones-3rd-edition/","","Center for the Study of the Drone at Bard College","","2020","http://www.pressdemocrat.com/news/7434119-181/sonoma-county-santa-rosa-law","","www.pressdemocrat.com","","","","","","","",""
"AOS2075","Modesto","Stanislaus County","CA","Stanislaus County Sheriff's Office","Sheriff","The Stanislaus County Sheriff's Office operates one DJI Phantom drone as of 2016, according to data compiled by the Center for the Study of the Drone at Bard College.","County","Drones","DJI","https://dronecenter.bard.edu/projects/public-safety-drones-project/public-safety-drones-3rd-edition/","","Center for the Study of the Drone at Bard College","","2020","https://twitter.com/stansheriff/status/746500327034097665","","twitter.com","","","","","","","",""
"AOS2081","Stockton","San Joaquin County","CA","Stockton Police Department","Police","The Stockton Police Department operates two DJI drones as of 2018, according to data compiled by the Center for the Study of the Drone at Bard College.","Municipal","Drones","DJI","https://dronecenter.bard.edu/projects/public-safety-drones-project/public-safety-drones-3rd-edition/","","Center for the Study of the Drone at Bard College","","2020","http://www.kcra.com/article/stockton-police-get-new-crime-fighting-tools-drones/13823555","","www.kcra.com","","","","","","","",""
"AOS2093","Sunnyvale","Santa Clara County","CA","Sunnyvale Police Department","Police","The Sunnyvale Police Department operates one drone, according to data compiled by the Center for the Study of the Drone at Bard College.","Municipal","Drones","","https://dronecenter.bard.edu/projects/public-safety-drones-project/public-safety-drones-3rd-edition/","","Center for the Study of the Drone at Bard College","","2020","https://sunnyvale.ca.gov/government/safety/drone.htm","","sunnyvale.ca.gov","","","Call","","","","",""
"AOS2114","Tiburon","Marin County","CA","Tiburon Police Department","Police","The Tiburon Police Department operates one drone, according to data compiled by the Center for the Study of the Drone at Bard College.","Municipal","Drones","","https://dronecenter.bard.edu/projects/public-safety-drones-project/public-safety-drones-3rd-edition/","","Center for the Study of the Drone at Bard College","","2020","https://www.townoftiburon.org/DocumentCenter/View/1943/Tiburon_PD_Policy_Manual_January-2018","","www.townoftiburon.org","","","","","","","",""
"AOS2121","Torrance","Los Angeles County","CA","Torrance Police Department","Police","The Torrance Police Department operates one DJI Matrice 210 drone as of 2017, according to data compiled by the Center for the Study of the Drone at Bard College.","Municipal","Drones","DJI","https://dronecenter.bard.edu/projects/public-safety-drones-project/public-safety-drones-3rd-edition/","","Center for the Study of the Drone at Bard College","","2020","https://www.faa.gov/uas/request_waiver/waivers_granted/media/107W-2016-01608_Matthew_Slawson_CoW.pdf","","www.faa.gov","","","https://www.dailybreeze.com/2018/03/29/torrance-police-search-for-suspect-who-attempted-burglary-vehicle-theft/","","www.dailybreeze.com","","",""
"AOS2125","Visalia","Tulare County","CA","Tulare County Sheriff's Office","Sheriff","The Tulare County Sheriff's Office operates eight DJI drones as of 2016, according to data compiled by the Center for the Study of the Drone at Bard College.","County","Drones","DJI","https://dronecenter.bard.edu/projects/public-safety-drones-project/public-safety-drones-3rd-edition/","","Center for the Study of the Drone at Bard College","","2020","http://www.visaliatimesdelta.com/story/news/local/2016/03/08/sheriffs-department-adds-drone/81508718/","","www.visaliatimesdelta.com","","","http://tularecounty.ca.gov/sheriff/index.cfm/slideshow/sheriffs-unmanned-aerial-vehicle-unit/","","tularecounty.ca.gov","","",""
"AOS2126","Sonora","Tuolumne County","CA","Tuolumne County Sheriff's Office","Sheriff","The Tuolumne County Sheriff's Office operates one drone as of 2017, according to data compiled by the Center for the Study of the Drone at Bard College.","County","Drones","","https://dronecenter.bard.edu/projects/public-safety-drones-project/public-safety-drones-3rd-edition/","","Center for the Study of the Drone at Bard College","","2020","http://fox40.com/2017/04/07/teams-search-for-missing-amador-county-elderly-woman/","","fox40.com","","","","","","","",""
"AOS2141","Upland","San Bernardino County","CA","Upland Police Department","Police","The Upland Police Department operates one DJI Phantom drone as of 2017, according to data compiled by the Center for the Study of the Drone at Bard College.","Municipal","Drones","DJI","https://dronecenter.bard.edu/projects/public-safety-drones-project/public-safety-drones-3rd-edition/","","Center for the Study of the Drone at Bard College","","2020","http://www.dailybulletin.com/government-and-politics/20170328/upland-police-officers-seized-two-drones-what-they-plan-to-do-with-them","","www.dailybulletin.com","","","","","","","",""
"AOS2147","Vacaville","Solano County","CA","Vacaville Police Department","Police","The Vacaville Police Department operates one drone as of 2017, according to data compiled by the Center for the Study of the Drone at Bard College.","Municipal","Drones","","https://dronecenter.bard.edu/projects/public-safety-drones-project/public-safety-drones-3rd-edition/","","Center for the Study of the Drone at Bard College","","2020","https://www.faa.gov/uas/request_waiver/waivers_granted/media/107W-2017-04468_Andrew_Lechuga_CoW.pdf","","www.faa.gov","","","","","","","",""
"AOS2150","Ventura","Ventura County","CA","Ventura County Sheriff's Office","Sheriff","The Ventura County Sheriff's Office operates six drones as of 2013, according to data compiled by the Center for the Study of the Drone at Bard College.","County","Drones","AeroVironment, DJI","https://dronecenter.bard.edu/projects/public-safety-drones-project/public-safety-drones-3rd-edition/","","Center for the Study of the Drone at Bard College","","2020","https://www.venturasheriff.org/public-resources/required-public-postings/standard-operating-procedures/unmanned-aerial-systems-unit/","","www.venturasheriff.org","","","https://www.theacorn.com/articles/rethinking-drones/","","www.theacorn.com","","",""
"AOS2151","Ventura","Ventura County","CA","Ventura Police Department","Police","The Ventura Police Department operates two DJI drones as of 2018, according to data compiled by the Center for the Study of the Drone at Bard College.","Municipal","Drones","DJI","https://dronecenter.bard.edu/projects/public-safety-drones-project/public-safety-drones-3rd-edition/","","Center for the Study of the Drone at Bard College","","2020","https://www.muckrock.com/foi/ventura-3487/california-public-records-request-unmanned-aeriel-vehicles-ventura-police-department-66976/","","www.muckrock.com","","","","","","","",""
"AOS2184","West Covina","Los Angeles County","CA","West Covina Police Department","Police","The West Covina Police Department operates one drone as of 2017, according to data compiled by the Center for the Study of the Drone at Bard College.","Municipal","Drones","","https://dronecenter.bard.edu/projects/public-safety-drones-project/public-safety-drones-3rd-edition/","","Center for the Study of the Drone at Bard College","","2020","https://www.faa.gov/uas/request_waiver/waivers_granted/media/107W-2017-03342_Erich_Hoefke_CoW.pdf","","www.faa.gov","","","","","","","",""
"AOS2228","Marysville","Yuba County","CA","Yuba County Sheriff's Office","Sheriff","The Yuba County Sheriff's Office operates one drone as of 2019, according to data compiled by the Center for the Study of the Drone at Bard College.","County","Drones","","https://dronecenter.bard.edu/projects/public-safety-drones-project/public-safety-drones-3rd-edition/","","Center for the Study of the Drone at Bard College","","2020","https://eterritorial.com/76-local-news/yuba-sutter-news/14583-grant-to-yuba-county-sheriff-department-purchase-drone-for-safety-investigations","","eterritorial.com","","","","","","","",""
"AOS2230","Anaheim","Orange County","CA","Anaheim Police Department","Police","The Anaheim Police Department has possessed at least three different forms of cell phone surveillance technology since at least 2009, including a ""DRTbox"" from Digital Researver Technology and a KingFish from Harris Corp.","Municipal","Cell-site Simulator","Digital Receiver Technology, Harris Corp.","https://web.archive.org/web/20170416100107/https://www.vocativ.com/389656/stingray-devices-in-trumps-america/","","Vocativ","","4/11/2017","https://github.com/kevincollier/Stingray","","Kevin Collier","","4/11/2017","https://www.aclunc.org/blog/dirtbox-over-disneyland-new-docs-reveal-anaheim-s-cellular-surveillance-arsenal","","ACLU of Northern California","","1/26/2016",""
"AOS2236","Sacramento","Sacramento County","CA","California Department of Justice","State Police","The California Department of Justice acquired cell-site simulator technology in 2012, according data compiled by Kevin Collier for Vocativ.","State","Cell-site Simulator","","https://web.archive.org/web/20170416100107/https://www.vocativ.com/389656/stingray-devices-in-trumps-america/","","Vocativ","","4/11/2017","https://github.com/kevincollier/Stingray","","Kevin Collier","","4/11/2017","","","","","",""
"AOS2255","Los Angeles","Los Angeles County","CA","Los Angeles Police Department","Police","The Los Angeles Police Department acquired a cell-site simulator from Digital Receiver Technology in 2005, according to data compiled by Kevin Collier for Vocativ. In 2010, LAPD acquired a Stingray II cell-site simulator from Harris Corp.","Municipal","Cell-site Simulator","Digital Receiver Technology","https://web.archive.org/web/20170416100107/https://www.vocativ.com/389656/stingray-devices-in-trumps-america/","","Vocativ","","4/11/2017","https://github.com/kevincollier/Stingray","","Kevin Collier","","4/11/2017","https://cityclerk.lacity.org/lacityclerkconnect/index.cfm?fa=ccfi.viewrecord&cfnumber=04-2499-S2","","Los Angeles City Clerk","","08/12/2005",""
"AOS2256","Los Angeles","Los Angeles County","CA","Los Angeles County Sheriff's Department","Sheriff","The Los Angeles County Sheriff's Department has an extensive history of using Harris Corp. cell-site simulators.","County","Cell-site Simulator","","https://web.archive.org/web/20170416100107/https://www.vocativ.com/389656/stingray-devices-in-trumps-america/","","Vocativ","","4/11/2017","https://github.com/kevincollier/Stingray","","Kevin Collier","","4/11/2017","https://www.scribd.com/document/249101526/LASD-PRA-Harris-Stingray","","www.scribd.com","","",""
"AOS2274","Sacramento","Sacramento County","CA","Sacramento County Sheriff's Office","Sheriff","The Sacramento County Sheriff's Office acquired cell-site simulator technology in 2014, according data compiled by Kevin Collier for Vocativ.","County","Cell-site Simulator","","https://web.archive.org/web/20170416100107/https://www.vocativ.com/389656/stingray-devices-in-trumps-america/","","Vocativ","","4/11/2017","https://github.com/kevincollier/Stingray","","Kevin Collier","","4/11/2017","https://www.documentcloud.org/documents/2426424-sacramento-co-sheriff-fbi-nda-25mar2014.html","","www.documentcloud.org","","",""
"AOS2275","San Bernardino","San Bernardino County","CA","San Bernardino County Sheriff's Department","Sheriff","The San Bernardino County Sheriff's Department first acquired cell-site simulator technology from Harris Corp. in 2006. The agency upgraded the system in 2012.","County","Cell-site Simulator","Harris Corp.","https://web.archive.org/web/20170416100107/https://www.vocativ.com/389656/stingray-devices-in-trumps-america/","","Vocativ","","4/11/2017","https://github.com/kevincollier/Stingray","","Kevin Collier","","4/11/2017","http://www.desertsun.com/story/tech/2014/02/16/law-enforcement-officials-cell-phone-disclosures-would-hurt-investigations/5528517/","","Desert Sun","","2/16/2014",""
"AOS2276","San Diego","San Diego County","CA","San Diego Police Department","Police","The San Diego Police Department acquired cell-site simulator technology in 2010, according data compiled by Kevin Collier for Vocativ.","Municipal","Cell-site Simulator","","https://web.archive.org/web/20170416100107/https://www.vocativ.com/389656/stingray-devices-in-trumps-america/","","Vocativ","","4/11/2017","https://github.com/kevincollier/Stingray","","Kevin Collier","","4/11/2017","http://www.sandiegouniontribune.com/news/watchdog/sdut-san-diego-police-surveillancecell-phone-stingray-2016jul31-story.html","","San Diego Union-Tribune","","7/31/2016",""
"AOS2277","San Francisco","San Francisco County","CA","San Francisco Police Department","Police","The San Francisco Police Department acquired cell-site simulator technology in 2009, according data compiled by Kevin Collier for Vocativ.","Municipal","Cell-site Simulator","","https://web.archive.org/web/20170416100107/https://www.vocativ.com/389656/stingray-devices-in-trumps-america/","","Vocativ","","4/11/2017","https://github.com/kevincollier/Stingray","","Kevin Collier","","4/11/2017","https://www.documentcloud.org/documents/3473907-SFstingray.html","","www.documentcloud.org","","",""
"AOS2278","San Jose","Santa Clara County","CA","San Jose Police Department","Police","The San Jose Police Department acquired cell-site simulator technology in 2013, according data compiled by Kevin Collier for Vocativ.","Municipal","Cell-site Simulator","","https://web.archive.org/web/20170416100107/https://www.vocativ.com/389656/stingray-devices-in-trumps-america/","","Vocativ","","4/11/2017","https://github.com/kevincollier/Stingray","","Kevin Collier","","4/11/2017","https://web.archive.org/web/20171127152123/http://www.abc10.com:80/news/investigations/watchdog/9-calif-law-enforcement-agencies-connected-to-cellphone-spying-technology/277656425","","ABC 10","","3/6/2014",""
"AOS2286","Ventura","Ventura County","CA","Ventura County Sheriff's Office","Sheriff","The Ventura County Sheriff's Office acquired cell-site simulator technology in 2011, according data compiled by Kevin Collier for Vocativ.","County","Cell-site Simulator","","https://web.archive.org/web/20170416100107/https://www.vocativ.com/389656/stingray-devices-in-trumps-america/","","Vocativ","","4/11/2017","https://github.com/kevincollier/Stingray","","Kevin Collier","","4/11/2017","http://www.cehrp.org/ventura-county-sheriff-has-a-stingray/","","Center For Human Rights and Privacy","","",""
"AOS2291","Pleasant Hill","Contra Costa County","CA","Pleasant Hill Police Department","Police","The Pleasant Hill Police Department scanned 11,292,582 license plates in 2018 using Vigilant Solutions automated license plate readers.","Municipal","Automated License Plate Readers","Vigilant Solutions","https://www.muckrock.com/foi/pleasant-hill-3376/alpr-detectionshitssharing-80453/#comms","","MuckRock","","","https://www.auditor.ca.gov/reports/2019-118/surveys/pleasant_hill_police_department.html","","California State Auditor","","2/13/2020","","","","","",""
"AOS2292","Tiburon","Marin County","CA","Tiburon Police Department","Police","The Tiburon Police Department scanned 7,814,405 license plates in 2018 using Vigilant Solutions automated license plate readers.","Municipal","Automated License Plate Readers","Vigilant Solutions","https://www.muckrock.com/foi/tiburon-3472/alpr-detectionshitssharing-80456/","","MuckRock","","","https://www.auditor.ca.gov/reports/2019-118/surveys/tiburon_police_department.html","","California State Auditor","","2/13/2020","","","","","",""
"AOS2293","Sausalito","Marin County","CA","Sausalito Police Department","Police","The Sausalito Police Department scanned 7,727,971 license plates in 2018 using Vigilant Solutions automated license plate readers.","Municipal","Automated License Plate Readers","Vigilant Solutions","https://www.muckrock.com/foi/sausalito-3439/alpr-detectionshitssharing-80466/","","MuckRock","","","https://www.auditor.ca.gov/reports/2019-118/surveys/sausalito_police_department.html","","California State Auditor","","2/13/2020","","","","","",""
"AOS2294","Redondo Beach","Los Angeles County","CA","Redondo Beach Police Department","Police","The Redondo Beach Police Department scanned 6,637,751 license plates in 2018 using Vigilant Solutions automated license plate readers.","Municipal","Automated License Plate Readers","Vigilant Solutions","https://www.muckrock.com/foi/redondo-beach-3393/alpr-detectionshitssharing-80459/","","MuckRock","","","https://www.auditor.ca.gov/reports/2019-118/surveys/redondo_beach_police_department.html","","California State Auditor","","2/13/2020","","","","","",""
"AOS2295","Newport Beach","Orange County","CA","Newport Beach Police Department","Police","The Newport Beach Police Department scanned 451,377 license plates in 2018 using Vigilant Solutions automated license plate readers.","Municipal","Automated License Plate Readers","Vigilant Solutions","https://www.muckrock.com/foi/newport-beach-3347/alpr-detectionshitssharing-80458/","","MuckRock","","","https://www.auditor.ca.gov/reports/2019-118/surveys/newport_beach_police_department.html","","California State Auditor","","2/13/2020","","","","","",""
"AOS2296","Hollywood","Los Angeles County","CA","Hollywood Police Department","Police","The Hollywood Police Department shared data collected using Vigilant Solutions automated license plate readers with 109 other law enforcement agencies, according to documents produced in 2019.","Municipal","Automated License Plate Readers","Vigilant Solutions","https://www.muckrock.com/foi/hollywood-10511/2018-vigilant-data-sharing-information-hollywood-police-department-48795/","","MuckRock","","","","","","","","","","","","",""
"AOS2297","Seal Beach","Orange County","CA","Seal Beach Police Department","Police","The Seal Beach Police Department scanned 80,511 license plates in 2017 using Vigilant Solutions automated license plate readers.","Municipal","Automated License Plate Readers","Vigilant Solutions","https://www.muckrock.com/foi/seal-beach-3441/2018-vigilant-data-sharing-information-seal-beach-police-department-49046/","","MuckRock","","","https://www.auditor.ca.gov/reports/2019-118/surveys/seal_beach_police_department.html","","California State Auditor","","2/13/2020","","","","","",""
"AOS2298","Tustin","Orange County","CA","Tustin Police Department","Police","The Tustin Police Department  scanned 332,208 license plates in 2018 using Vigilant Solutions automated license plate readers.","Municipal","Automated License Plate Readers","Vigilant Solutions","https://www.muckrock.com/foi/tustin-3480/alpr-detectionshitssharing-tustin-police-department-83327/","","MuckRock","","","https://www.auditor.ca.gov/reports/2019-118/surveys/tustin_police_department.html","","California State Auditor","","2/13/2020","","","","","",""
"AOS2299","Fullerton","Orange County","CA","Fullerton Police Department","Police","The Fullerton Police Department scanned 567,397 license plates in 2019 using Vigilant Solutions automated license plate readers.","Municipal","Automated License Plate Readers","Vigilant Solutions","https://www.muckrock.com/foi/fullerton-3223/2020-vigilant-data-sharing-information-automated-license-plate-reader-alpr-fullerton-police-department-86987/#files","","MuckRock","","","https://www.auditor.ca.gov/reports/2019-118/surveys/fullerton_police_department.html","","California State Auditor","","2/13/2020","","","","","",""
"AOS2300","Modesto","Stanislaus County","CA","Modesto Police Department","Police","The Modesto Police Department scanned 10,255,590 license plates in 2019 using Vigilant Solutions automated license plate readers.","Municipal","Automated License Plate Readers","Vigilant Solutions","https://www.muckrock.com/foi/modesto-3326/2020-vigilant-data-sharing-information-automated-license-plate-reader-alpr-modesto-police-department-86974/","","MuckRock","","","https://www.auditor.ca.gov/reports/2019-118/surveys/modesto_police_department.html","","California State Auditor","","2/13/2020","","","","","",""
"AOS2301","Claremont","Los Angeles County","CA","Claremont Police Department","Police","The Claremont Police Department scanned 20,210,919 license plates in 2019 using Vigilant Solutions automated license plate readers.","Municipal","Automated License Plate Readers","Vigilant Solutions","https://www.muckrock.com/foi/claremont-3151/2020-vigilant-data-sharing-information-automated-license-plate-reader-alpr-claremont-police-department-87014/","","MuckRock","","","https://www.auditor.ca.gov/reports/2019-118/surveys/claremont_police_department.html","","California State Auditor","","2/13/2020","","","","","",""
"AOS2302","Pomona","Los Angeles County","CA","Pomona Police Department","Police","The Pomona Police Department scanned 5,507,773 license plates in 2019 using Vigilant Solutions automated license plate readers.","Municipal","Automated License Plate Readers","Vigilant Solutions","https://www.muckrock.com/foi/pomona-3380/2020-vigilant-data-sharing-information-automated-license-plate-reader-alpr-pomona-police-department-86992/","","MuckRock","","","https://www.auditor.ca.gov/reports/2019-118/surveys/pomona_police_department.html","","California State Auditor","","2/13/2020","","","","","",""
"AOS2303","American Canyon","Napa County","CA","American Canyon Police Department","Police","The American Canyon Police Department scanned 3,751 license plates in 2019 using Vigilant Solutions automated license plate readers.","Municipal","Automated License Plate Readers","Vigilant Solutions","https://www.muckrock.com/foi/american-canyon-3088/2020-vigilant-data-sharing-information-automated-license-plate-reader-alpr-american-canyon-police-department-87001/","","MuckRock","","","","","","","","","","","","",""
"AOS2304","San Diego","San Diego County","CA","San Diego Police Department","Police","The San Diego Police Department scanned 86,729 license plates in 2019 using Vigilant Solutions automated license plate readers.","Municipal","Automated License Plate Readers","Vigilant Solutions","https://www.muckrock.com/foi/san-diego-56/2020-vigilant-data-sharing-information-automated-license-plate-reader-alpr-san-diego-police-department-86939/#files","","MuckRock","","","https://www.auditor.ca.gov/reports/2019-118/surveys/san_diego_police_department.html","","California State Auditor","","2/13/2020","","","","","",""
"AOS2354","Buena Park","Orange County","CA","Buena Park Police Department","Police","The Buena Park Police Department scanned 453,859 license plates in 2019 using Vigilant Solutions automated license plate readers.","Municipal","Automated License Plate Readers","Vigilant Solutions","https://www.muckrock.com/foi/buena-park-3128/2020-vigilant-data-sharing-information-automated-license-plate-reader-alpr-buena-park-police-department-87007/","","MuckRock","","","https://www.auditor.ca.gov/reports/2019-118/surveys/buena_park_police_department.html","","California State Auditor","","2/13/2020","","","","","",""
"AOS2355","Santa Ana","Orange County","CA","Orange County Sheriff's Office","Sheriff","The Orange County Sheriff's Office scanned 1,551,078 license plates in 2019 using Vigilant Solutions automated license plate readers.","County","Automated License Plate Readers","Vigilant Solutions","https://www.muckrock.com/foi/orange-county-394/2020-vigilant-data-sharing-information-automated-license-plate-reader-alpr-orange-county-sheriffs-office-86943/#files","","MuckRock","","","https://www.auditor.ca.gov/reports/2019-118/surveys/orange_county_sheriff.html","","California State Auditor","","2/13/2020","","","","","",""
"AOS2356","Laguna Beach","Orange County","CA","Laguna Beach Police Department","Police","The Laguna Beach Police Department scanned 20,256,937 license plates in 2019 using Vigilant Solutions automated license plate readers.","Municipal","Automated License Plate Readers","Vigilant Solutions","https://www.muckrock.com/foi/laguna-beach-3279/2020-vigilant-data-sharing-information-automated-license-plate-reader-alpr-laguna-beach-police-department-87035/","","MuckRock","","","https://www.auditor.ca.gov/reports/2019-118/surveys/laguna_beach_police_department.html","","California State Auditor","","2/13/2020","","","","","",""
"AOS2357","Brentwood","Contra Costa County","CA","Brentwood Police Department","Police","The Brentwood Police Department scanned 12,735,566 license plates in 2019 using Vigilant Solutions automated license plate readers.","Municipal","Automated License Plate Readers","Vigilant Solutions","https://www.muckrock.com/foi/brentwood-3125/2020-vigilant-data-sharing-information-automated-license-plate-reader-alpr-brentwood-police-department-86961/","","MuckRock","","","https://www.auditor.ca.gov/reports/2019-118/surveys/brentwood_police_department.html","","California State Auditor","","2/13/2020","","","","","",""
"AOS2359","Galt","Sacramento County","CA","Galt Police Department","Police","The Galt Police Department scanned 7,984 license plates in 2019 using Vigilant Solutions automated license plate readers.","Municipal","Automated License Plate Readers","Vigilant Solutions","https://www.muckrock.com/foi/galt-3224/2020-vigilant-data-sharing-information-automated-license-plate-reader-alpr-galt-police-department-86966/","","MuckRock","","","https://www.auditor.ca.gov/reports/2019-118/surveys/galt_police_department.html","","California State Auditor","","2/13/2020","","","","","",""
"AOS2361","Lodi","San Joaquin County","CA","Lodi Police Department","Police","The Lodi Police Department scanned 1,478,784 license plates in 2019 using Vigilant Solutions automated license plate readers.","Municipal","Automated License Plate Readers","Vigilant Solutions","https://www.muckrock.com/foi/lodi-3297/2020-vigilant-data-sharing-information-automated-license-plate-reader-alpr-lodi-police-department-86996/","","MuckRock","","","","","","","","","","","","",""
"AOS2362","Folsom","Sacramento County","CA","Folsom Police Department","Police","The Folsom Police Department scanned 8,588,649 license plates in 2019 using Vigilant Solutions automated license plate readers.","Municipal","Automated License Plate Readers","Vigilant Solutions","https://www.muckrock.com/foi/folsom-3214/2020-vigilant-data-sharing-information-automated-license-plate-reader-alpr-folsom-police-department-87044/","","MuckRock","","","https://www.auditor.ca.gov/reports/2019-118/surveys/folsom_police_department.html","","California State Auditor","","2/13/2020","","","","","",""
"AOS2363","San Diego","San Diego County","CA","San Diego County Sheriff's Department","Sheriff","The San Diego County Sheriff's Department scanned 7,086,646 license plates in 2019 using Vigilant Solutions automated license plate readers.","County","Automated License Plate Readers","Vigilant Solutions","https://www.muckrock.com/foi/san-diego-county-55/2020-vigilant-data-sharing-information-automated-license-plate-reader-alpr-san-diego-county-sheriff-86933/#comms","","MuckRock","","","https://www.auditor.ca.gov/reports/2019-118/surveys/san_diego_county_sheriff.html","","California State Auditor","","2/13/2020","","","","","",""
"AOS2365","Simi Valley","Ventura County","CA","Simi Valley Police Department","Police","The Simi Valley Police Department scanned 280,587 license plates in 2019 using Vigilant Solutions automated license plate readers.","Municipal","Automated License Plate Readers","Vigilant Solutions","https://www.muckrock.com/foi/simi-valley-3449/2020-vigilant-data-sharing-information-automated-license-plate-reader-alpr-simi-valley-police-department-86973/#comms","","MuckRock","","","https://www.auditor.ca.gov/reports/2019-118/surveys/simi_valley_police_department.html","","California State Auditor","","2/13/2020","","","","","",""
"AOS2366","Pasadena","Los Angeles County","CA","Pasadena Police Department","Police","The Pasadena Police Department scanned 1,446,442 license plates in 2019 using Vigilant Solutions automated license plate readers.","Municipal","Automated License Plate Readers","Vigilant Solutions","https://www.muckrock.com/foi/pasadena-3368/2020-vigilant-data-sharing-information-automated-license-plate-reader-alpr-pasadena-police-department-86967/","","MuckRock","","","https://www.auditor.ca.gov/reports/2019-118/surveys/pasadena_police_department.html","","California State Auditor","","2/13/2020","","","","","",""
"AOS2368","Garden Grove","Orange County","CA","Garden Grove Police Department","Police","The Garden Grove Police Department scanned 192,669 license plates in 2019 using Vigilant Solutions automated license plate readers.","Municipal","Automated License Plate Readers","Vigilant Solutions","https://www.muckrock.com/foi/garden-grove-3225/2020-vigilant-data-sharing-information-automated-license-plate-reader-alpr-garden-grove-police-department-86971/","","MuckRock","","","https://www.auditor.ca.gov/reports/2019-118/surveys/garden_grove_police_department.html","","California State Auditor","","2/13/2020","","","","","",""
"AOS2370","Cypress","Orange County","CA","Cypress Police Department","Police","The Cypress Police Department scanned 139,645 license plates in 2019 using Vigilant Solutions automated license plate readers.","Municipal","Automated License Plate Readers","Vigilant Solutions","https://www.muckrock.com/foi/cypress-3176/2020-vigilant-data-sharing-information-automated-license-plate-reader-alpr-cypress-police-department-86963/","","MuckRock","","","https://www.auditor.ca.gov/reports/2019-118/surveys/cypress_police_department.html","","California State Auditor","","2/13/2020","","","","","",""
"AOS2374","La Habra","Orange County","CA","La Habra Police Department","Police","The La Habra Police Department scanned 426,592 license plates in 2019 using Vigilant Solutions automated license plate readers.","Municipal","Automated License Plate Readers","Vigilant Solutions","https://www.muckrock.com/foi/la-habra-3271/2020-vigilant-data-sharing-information-automated-license-plate-reader-alpr-la-habra-police-department-87034/","","MuckRock","","","https://www.auditor.ca.gov/reports/2019-118/surveys/la_habra_police_department.html","","California State Auditor","","2/13/2020","","","","","",""
"AOS2377","Hemet","Riverside County","CA","Hemet Police Department","Police","The Hemet Police Department scanned 84,087 license plates in 2019 using Vigilant Solutions automated license plate readers. In 2020, Hemet spent and additional $40,000 on Flock Safety ALPR technology","Municipal","Automated License Plate Readers","Flock Safety, Vigilant Solutions","https://www.muckrock.com/foi/hemet-3242/license-plate-recognition-data-hemet-police-department-87876/","","MuckRock","","","https://www.auditor.ca.gov/reports/2019-118/surveys/hemet_police_department.html","","California State Auditor","","2/13/2020","https://www.hemetca.gov/DocumentCenter/View/6647/July-30th-2020-Voucher-List?bidId=","","City of Hemet","","7/30/2020",""
"AOS2382","Tracy","San Joaquin County","CA","Tracy Police Department","Police","The Tracy Police Department scanned 515,858 license plates in 2019 using Vigilant Solutions automated license plate readers.","Municipal","Automated License Plate Readers","Vigilant Solutions","https://www.muckrock.com/foi/tracy-3474/alpr-data-records-request-tracy-police-department-87865/","","MuckRock","","","https://www.auditor.ca.gov/reports/2019-118/surveys/tracy_police_department.html","","California State Auditor","","2/13/2020","","","","","",""
"AOS2384","Hermosa Beach","Los Angeles County","CA","Hermosa Beach Police Department","Police","The Hermosa Beach Police Department scanned 274,577 license plates in 2019 using Vigilant Solutions automated license plate readers.","Municipal","Automated License Plate Readers","Vigilant Solutions","https://www.muckrock.com/foi/hermosa-beach-3244/license-plate-recognition-data-hermosa-beach-police-department-87875/","","MuckRock","","","https://www.auditor.ca.gov/reports/2019-118/surveys/hermosa_beach_police_department.html","","California State Auditor","","2/13/2020","","","","","",""
"AOS2385","Beverly Hills","Los Angeles County","CA","Beverly Hills Police Department","Police","The Beverly Hills Police Department scanned 39,439,435 license plates in 2019 using Vigilant Solutions automated license plate readers.","Municipal","Automated License Plate Readers","Vigilant Solutions","https://www.muckrock.com/foi/beverly-hills-3116/2020-vigilant-data-sharing-information-automated-license-plate-reader-alpr-beverly-hills-police-department-86969/#comms","","MuckRock","","","https://www.auditor.ca.gov/reports/2019-118/surveys/beverly_hills_police_department.html","","California State Auditor","","2/13/2020","","","","","",""
"AOS2386","San Bernardino","San Bernardino County","CA","San Bernardino County Sheriff's Department","Sheriff","The San Bernardino County Sheriff's Department scanned 298,584,261 license plates in 2019 using Vigilant Solutions automated license plate readers.","County","Automated License Plate Readers","Vigilant Solutions","https://www.muckrock.com/foi/san-bernardino-county-3060/2020-vigilant-data-sharing-information-automated-license-plate-reader-alpr-san-bernardino-county-sheriff-86949/","","MuckRock","","","https://www.auditor.ca.gov/reports/2019-118/surveys/san_bernardino_county_sheriff.html","","California State Auditor","","2/13/2020","","","","","",""
"AOS2388","Martinez","Contra Costa County","CA","Contra Costa County Sheriff's Office","Sheriff","The Contra Costa County Sheriff's Office scanned 32,921,469 license plates in 2019 using Vigilant Solutions automated license plate readers.","County","Automated License Plate Readers","Vigilant Solutions","https://www.muckrock.com/foi/contra-costa-county-3034/2020-vigilant-data-sharing-information-automated-license-plate-reader-alpr-office-of-the-sheriff-contra-costa-county-86957/#comms","","MuckRock","","","https://www.auditor.ca.gov/reports/2019-118/surveys/contra_costa_county_sheriff.html","","California State Auditor","","2/13/2020","","","","","",""
"AOS2389","Bakersfield","Kern County","CA","Bakersfield Police Department","Police","The Bakersfield Police Department scanned 122,986 license plates in 2019 using Vigilant Solutions automated license plate readers.","Municipal","Automated License Plate Readers","Vigilant Solutions","https://www.muckrock.com/foi/bakersfield-3105/2020-vigilant-data-sharing-information-automated-license-plate-reader-alpr-bakersfield-police-department-86952/","","MuckRock","","","https://www.auditor.ca.gov/reports/2019-118/surveys/bakersfield_police_department.html","","California State Auditor","","2/13/2020","","","","","",""
"AOS2391","Fullerton","Orange County","CA","California State University Fullerton Police Department","Police","The CSU Fullerton Police Department scanned 127,269 license plates in 2019 using Vigilant Solutions automated license plate readers.","Municipal","Automated License Plate Readers","Vigilant Solutions","https://www.muckrock.com/foi/fullerton-3223/2020-vigilant-data-sharing-information-automated-license-plate-reader-alpr-csu-fullerton-police-department-87045/","","MuckRock","","","","","","","","","","","","",""
"AOS2392","Irvine","Orange County","CA","Irvine Police Department","Police","The Irvine Police Department scanned 157,320 license plates in 2019 using Vigilant Solutions automated license plate readers.","Municipal","Automated License Plate Readers","Vigilant Solutions","https://www.muckrock.com/foi/irvine-3262/2020-vigilant-data-sharing-information-automated-license-plate-reader-alpr-irvine-police-department-86954/","","MuckRock","","","https://www.auditor.ca.gov/reports/2019-118/surveys/irvine_police_department.html","","California State Auditor","","2/13/2020","","","","","",""
"AOS2394","Palm Springs","Riverside County","CA","Palm Springs Police Department","Police","The Palm Springs Police Department scanned 58,482 license plates in 2019 using Vigilant Solutions automated license plate readers.","Municipal","Automated License Plate Readers","Vigilant Solutions","https://www.muckrock.com/foi/palm-springs-3362/aldr-data-palm-springs-police-department-87879/","","MuckRock","","","","","","","","","","","","",""
"AOS2395","Orange","Orange County","CA","Orange Police Department","Police","The Orange Police Department scanned 1,446,414 license plates in 2019 using Vigilant Solutions automated license plate readers.","Municipal","Automated License Plate Readers","Vigilant Solutions","https://www.muckrock.com/foi/orange-3354/2020-vigilant-data-sharing-information-automated-license-plate-reader-alpr-orange-police-department-86976/#comms","","MuckRock","","","https://www.auditor.ca.gov/reports/2019-118/surveys/orange_police_department.html","","California State Auditor","","2/13/2020","","","","","",""
"AOS2400","Sacramento","Sacramento County","CA","Sacramento County District Attorney's Office","District Attorney","The Sacramento District Attorney's Office has access to other agencies' automated license plate reader data through Vigilant Solutions.","County","Automated License Plate Readers","Vigilant Solutions","https://www.muckrock.com/foi/sacramento-county-397/2020-vigilant-data-sharing-information-automated-license-plate-reader-sacramento-county-district-attorneys-office-90294/","","MuckRock","","","","","","","","","","","","",""
"AOS2403","Martinez","Contra Costa County","CA","Martinez Police Department","Police","The Martinez Police Department scanned 12,990,796 license plates in 2019 using Vigilant Solutions automated license plate readers.","Municipal","Automated License Plate Readers","Vigilant Solutions","https://www.muckrock.com/foi/martinez-3315/2020-vigilant-data-sharing-information-automated-license-plate-reader-alpr-martinez-police-department-89463/","","MuckRock","","","https://www.auditor.ca.gov/reports/2019-118/surveys/martinez_police_department.html","","California State Auditor","","2/13/2020","","","","","",""
"AOS2404","Gardena","Los Angeles County","CA","Gardena Police Department","Police","The Gardena Police Department scanned 3,882,488 license plates in 2019 using Vigilant Solutions automated license plate readers.","Municipal","Automated License Plate Readers","Vigilant Solutions","https://www.muckrock.com/foi/gardena-3226/2020-vigilant-data-sharing-information-automated-license-plate-reader-gardena-police-department-90325/","","MuckRock","","","https://www.auditor.ca.gov/reports/2019-118/surveys/gardena_police_department.html","","California State Auditor","","2/13/2020","","","","","",""
"AOS2405","San Francisco","San Francisco County","CA","Northern California Regional Intelligence Center","Fusion Center","About 29 agencies collectively submitted 40 million license plate scans to the Northern California Regional Intelligence Center between October and December 2019.","Regional","Automated License Plate Readers","Vigilant Solutions","https://www.muckrock.com/foi/california-52/2020-vigilant-data-sharing-information-automated-license-plate-reader-northern-california-regional-intelligence-center-90306/","","MuckRock","","","","","","","","","","","","",""
"AOS2407","Redlands","San Bernardino County","CA","Redlands Police Department","Police","The Redlands Police Department scanned 4,027,149 license plates in 2019 using Vigilant Solutions automated license plate readers. RPD also uses Flock Safety ALPRs. ","Municipal","Automated License Plate Readers","Vigilant Solutions, Flock Safety","https://www.muckrock.com/foi/redlands-3392/2020-vigilant-data-sharing-information-automated-license-plate-reader-redlands-police-department-90295/","","MuckRock","","","https://www.auditor.ca.gov/reports/2019-118/surveys/redlands_police_department.html","","California State Auditor","","2/13/2020","https://www.flocksafety.com/blog/leveraging-flock-safety-technology-as-force-multiplier-in-field","","Flock Safety","","05/08/2019",""
"AOS2409","Sacramento","Sacramento County","CA","California Franchise Tax Board","Tax Board","The California Franchise Tax Board has access to other agencies' automated license plate reader data through Vigilant Solutions.","State","Automated License Plate Readers","Vigilant Solutions","https://www.muckrock.com/foi/california-52/2020-vigilant-data-sharing-information-automated-license-plate-reader-franchise-tax-board-90303/","","MuckRock","","","","","","","","","","","","",""
"AOS2411","La Palma","Orange County","CA","La Palma Police Department","Police","The La Palma Police Department scanned 321,412 license plates in 2019 using Vigilant Solutions automated license plate readers.","Municipal","Automated License Plate Readers","Vigilant Solutions","https://www.muckrock.com/foi/la-palma-3274/2020-vigilant-data-sharing-information-automated-license-plate-reader-la-palma-police-department-90332/","","MuckRock","","","https://www.auditor.ca.gov/reports/2019-118/surveys/la_palma_police_department.html","","California State Auditor","","2/13/2020","","","","","",""
"AOS2412","Auburn","Placer County","CA","Auburn Police Department","Police","The Auburn Police Department scanned 1,940,799 license plates in 2019 using Vigilant Solutions automated license plate readers.","Municipal","Automated License Plate Readers","Vigilant Solutions","https://www.muckrock.com/foi/auburn-3101/2020-vigilant-data-sharing-information-automated-license-plate-reader-auburn-police-department-90315/","","MuckRock","","","https://www.auditor.ca.gov/reports/2019-118/surveys/auburn_police_department.html","","California State Auditor","","2/13/2020","","","","","",""
"AOS2413","La Verne","Los Angeles County","CA","La Verne Police Department","Police","The La Verne Police Department scanned 10,009,205 license plates in 2019 using Vigilant Solutions automated license plate readers.","Municipal","Automated License Plate Readers","Vigilant Solutions","https://www.muckrock.com/foi/la-verne-3277/2020-vigilant-data-sharing-information-automated-license-plate-reader-la-verne-police-department-90333/#files","","MuckRock","","","https://www.auditor.ca.gov/reports/2019-118/surveys/la_verne_police_department.html","","California State Auditor","","2/13/2020","","","","","",""
"AOS2419","Bell Gardens","Los Angeles County","CA","Bell Gardens Police Department","Police","The Bell Gardens Police Department scanned 4,746,656 license plates in 2019 using Vigilant Solutions automated license plate readers.","Municipal","Automated License Plate Readers","Vigilant Solutions","https://www.muckrock.com/foi/bell-gardens-3111/2020-vigilant-data-sharing-information-automated-license-plate-reader-alpr-bell-gardens-police-department-89454/","","MuckRock","","","https://www.auditor.ca.gov/reports/2019-118/surveys/bell_gardens_police_department.html","","California State Auditor","","2/13/2020","","","","","",""
"AOS2420","Sacramento","Sacramento County","CA","Sacramento Police Department","Police","The Sacramento Police Department scanned 71,633,471 license plates in 2019 using Vigilant Solutions automated license plate readers.","Municipal","Automated License Plate Readers","Vigilant Solutions","https://www.muckrock.com/foi/sacramento-307/2020-vigilant-data-sharing-information-automated-license-plate-reader-alpr-sacramento-police-department-86938/#files","","MuckRock","","","https://www.auditor.ca.gov/reports/2019-118/surveys/sacramento_police_department.html","","California State Auditor","","2/13/2020","","","","","",""
"AOS2421","Carlsbad","San Diego County","CA","Carlsbad Police Department","Police","The Carlsbad Police Department scanned 85,479,158 license plates in 2019 using Vigilant Solutions automated license plate readers.","Municipal","Automated License Plate Readers","Vigilant Solutions","https://www.muckrock.com/foi/carlsbad-60/2020-vigilant-data-sharing-information-automated-license-plate-reader-alpr-carlsbad-police-department-89466/","","MuckRock","","","https://www.auditor.ca.gov/reports/2019-118/surveys/carlsbad_police_department.html","","California State Auditor","","2/13/2020","","","","","",""
"AOS2423","Stockton","San Joaquin County","CA","Stockton Police Department","Police","The Stockton Police Department scanned 739,540 license plates in 2019 using Vigilant Solutions automated license plate readers.","Municipal","Automated License Plate Readers","Vigilant Solutions","https://www.muckrock.com/foi/stockton-3462/2020-vigilant-data-sharing-information-automated-license-plate-reader-alpr-stockton-police-department-89446/#files","","MuckRock","","","https://www.auditor.ca.gov/reports/2019-118/surveys/stockton_police_department.html","","California State Auditor","","2/13/2020","","","","","",""
"AOS2424","San Mateo","San Mateo County","CA","San Mateo Auto Theft Task Force","Task Force","The San Mateo Auto Theft Task Force shares data it collects with automated license plate readers with the Northern California Regional Intelligence Center. ","Regional","Automated License Plate Readers","Vigilant Solutions","https://www.muckrock.com/foi/san-mateo-3425/2020-vigilant-data-sharing-information-automated-license-plate-reader-alpr-san-mateo-auto-theft-task-force-89467/","","MuckRock","","","","","","","","","","","","",""
"AOS2426","Torrance","Los Angeles County","CA","Torrance Police Department","Police","The Torrance Police Department scanned 66,776,365 license plates in 2019 using Vigilant Solutions automated license plate readers.","Municipal","Automated License Plate Readers","Vigilant Solutions","https://www.muckrock.com/foi/torrance-3473/2020-vigilant-data-sharing-information-automated-license-plate-reader-alpr-torrance-police-department-89447/","","MuckRock","","","https://www.auditor.ca.gov/reports/2019-118/surveys/torrance_police_department.html","","California State Auditor","","2/13/2020","","","","","",""
"AOS2428","Citrus Heights","Sacramento County","CA","Citrus Heights Police Department","Police","The Citrus Heights Police Department scanned 11,654,723 license plates in 2019 using Vigilant Solutions automated license plate readers.","Municipal","Automated License Plate Readers","Vigilant Solutions","https://www.muckrock.com/foi/citrus-heights-3150/2020-vigilant-data-sharing-information-automated-license-plate-reader-alpr-citrus-heights-police-department-87013/","","MuckRock","","","https://www.auditor.ca.gov/reports/2019-118/surveys/citrus_heights_police_department.html","","California State Auditor","","2/13/2020","","","","","",""
"AOS2454","Mather","Sacramento County","CA","California State Threat Assessment Center","Fusion Center","The California State Threat Assessment Center is one of 79 fusion centers in the United States. Operated by local and state law enforcement in partnership with the U.S. Department of Homeland Security, a fusion center serves as a command center for gathering, analyzing and disseminating intelligence and other public safety information.","Regional","Fusion Center","","https://www.dhs.gov/fusion-center-locations-and-contact-information","","U.S. Department of Homeland Security","","","https://www.eff.org/deeplinks/2014/04/why-fusion-centers-matter-faq","","Electronic Frontier Foundation","","4/7/2014","https://www.calstac.org","","California State Threat Assessment Center","","",""
"AOS2455","Sacramento","Sacramento County","CA","Central California Intelligence Center","Fusion Center","The Central California Intelligence Center is one of 79 fusion centers in the United States. Operated by local and state law enforcement in partnership with the U.S. Department of Homeland Security, a fusion center serves as a command center for gathering, analyzing and disseminating intelligence and other public safety information.","Regional","Fusion Center","","https://www.dhs.gov/fusion-center-locations-and-contact-information","","U.S. Department of Homeland Security","","","https://www.eff.org/deeplinks/2014/04/why-fusion-centers-matter-faq","","Electronic Frontier Foundation","","4/7/2014","https://www.sacrtac.org","","Central California Intelligence Center","","",""
"AOS2477","Norwalk","Los Angeles County","CA","Los Angeles Joint Regional Intelligence Center","Fusion Center","The Los Angeles Joint Regional Intelligence Center is one of 79 fusion centers in the United States. Operated by local and state law enforcement in partnership with the U.S. Department of Homeland Security, a fusion center serves as a command center for gathering, analyzing and disseminating intelligence and other public safety information.","Regional","Fusion Center","","https://www.dhs.gov/fusion-center-locations-and-contact-information","","U.S. Department of Homeland Security","","","https://www.eff.org/deeplinks/2014/04/why-fusion-centers-matter-faq","","Electronic Frontier Foundation","","4/7/2014","https://www.jric.org","","Los Angeles Joint Regional Intelligence Center","","",""
"AOS2499","San Francisco","San Francisco County","CA","Northern California Regional Intelligence Center","Fusion Center","The Northern California Regional Intelligence Center is one of 79 fusion centers in the United States. Operated by local and state law enforcement in partnership with the U.S. Department of Homeland Security, a fusion center serves as a command center for gathering, analyzing and disseminating intelligence and other public safety information.","Regional","Fusion Center","","https://www.dhs.gov/fusion-center-locations-and-contact-information","","U.S. Department of Homeland Security","","","https://www.eff.org/deeplinks/2014/04/why-fusion-centers-matter-faq","","Electronic Frontier Foundation","","4/7/2014","https://www.ncric.org","","Northern California Regional Intelligence Center","","",""
"AOS2502","Santa Ana","Orange County","CA","Orange County Intelligence Assessment Center","Fusion Center","The Orange County Intelligence Assessment Center is one of 79 fusion centers in the United States. Operated by local and state law enforcement in partnership with the U.S. Department of Homeland Security, a fusion center serves as a command center for gathering, analyzing and disseminating intelligence and other public safety information.","Regional","Fusion Center","","https://www.dhs.gov/fusion-center-locations-and-contact-information","","U.S. Department of Homeland Security","","","https://www.eff.org/deeplinks/2014/04/why-fusion-centers-matter-faq","","Electronic Frontier Foundation","","4/7/2014","https://www.ociac.org","","Orange County Intelligence Assessment Center","","",""
"AOS2507","San Diego","San Diego County","CA","San Diego Law Enforcement Coordination Center","Fusion Center","The San Diego Law Enforcement Coordination Center is one of 79 fusion centers in the United States. Operated by local and state law enforcement in partnership with the U.S. Department of Homeland Security, a fusion center serves as a command center for gathering, analyzing and disseminating intelligence and other public safety information.","Regional","Fusion Center","","https://www.dhs.gov/fusion-center-locations-and-contact-information","","U.S. Department of Homeland Security","","","https://www.eff.org/deeplinks/2014/04/why-fusion-centers-matter-faq","","Electronic Frontier Foundation","","4/7/2014","https://www.cbs8.com/article/news/investigations/blueleaks-san-diego-fusion-centers-records-hacked-posted-online/509-252178ff-947f-4fe7-85ae-b7529d397d76","","CBS 8","","11/24/2020",""
"AOS2606","Vallejo","Solano County","CA","Vallejo Police Department","Police","The Vallejo Police Department purchased a Keyw cell-site simulator for $766,018 in March 2020. ","Municipal","Cell-site Simulator","KeyW","https://www.timesheraldonline.com/2020/03/25/vallejo-purchases-cell-site-simulator-for-police-department/","","Times Herald","","3/25/2020","","","","","","","","","","",""
"AOS2607","Fontana","San Bernardino County","CA","Fontana Police Department","Police","The Fontana Police Department purchased a cell-site simulator from KEYW in 2017.","Municipal","Cell-site Simulator","KeyW","https://novus.fontana.org/CoverSheet.aspx?ItemID=9887&MeetingID=891","","Department of Police","","06/27/2017","https://www.fontana.org/DocumentCenter/View/31168/600-Investigation-and-Prosecution","","Fontana Police Department","","10/14/2019","","","","","",""
"AOS2623","Salinas","Monterey","CA","Salinas Police Department","Police","The Salinas Police Department started using ShotSpotter gunshot detection technology in 2015.","Municipal","Gunshot Detection","ShotSpotter","https://www.ksbw.com/article/police-launch-shotspotter-in-salinas/8502574","","KSBW8","","12/14/2016","https://www.salinaspd.com/content/shotspotter-activation-arrest","","Salinas Police Department website. Where I simply searched ShotSpotter. ","","10/14/18","https://www.shotspotter.com/news/salinas-police-using-controlled-gunfire-wednesday-night-to-test-detection-system/","","shotspotter.com","","12/14/2016",""
"AOS2628","Murrieta","Riverside County","CA","Murrieta Police Department","Police","The Murrieta Police Department began using Axon body-worn cameras in 2019. ","Municipal","Body-worn Cameras","Axon","https://www.murrietaca.gov/CivicAlerts.aspx?AID=61","","Murrieta City Government","","08/11/2019","","","","","","","","","","",""
"AOS2635","Porterville","Tulare County","CA","Porterville Police Department","Police","The Porterville Police Department uses Axon body-worn cameras.","Municipal","Body-worn Cameras","Axon","https://www.recorderonline.com/features/police-gain-third-eye/article_7f1a2f88-abc0-11e6-ac31-a3e3eb5f9e51.html","","The Porterville Recorder Online","","11/16/2016","","","","","","","","","","",""
"AOS2641","Huntington Beach","Orange County","CA","Huntington Beach Police Department","Police","The Huntington Beach Police Department spent $19,200 on body-worn cameras in 2017. ","Municipal","Body-worn Cameras","Axon","https://www.huntingtonbeachca.gov/files/users/finance/FY17-18AdoptedBudgetBookHBWebsite.pdf","","City of Huntington Beach government website","","2017","https://www.facebook.com/HuntingtonBeachPolice/photos/a.2126430744068146/2878094195568460/?type=3&theater","","Facebook","","12/17/2017","","","","","",""
"AOS2646","Sacramento","Sacramento County","CA","Sacramento County Sheriff's Office","Sheriff","The Sacramento County Sheriff's Office implemented a ShotSpotter gunshot detection system in 2017.  However, the sheriff announced plans to end the contract after 2020 due to budget constraints.","County","Gunshot Detection","ShotSpotter","https://fox40.com/news/local-news/sacramento-countys-shotspotter-program-cut-from-sheriffs-office-budget/","","Fox News","","06/26/2019","","","","","","","","","","",""
"AOS2657","San Francisco","San Francisco County","CA","San Francisco Police Department","Police","The San Francisco Police Department has been using Shotspotter gunshot detection technology since 2008.","Municipal","Gunshot Detection","ShotSpotter","https://money.cnn.com/2009/11/09/smallbusiness/ear_for_crime.fsb/index.htm","","CNN","","11/09/2009","","","","","","","","","","",""
"AOS2662","Los Gatos","Santa Clara County","CA","Los Gatos-Monte Sereno Police Department","Police","The Los Gatos/Monte Sereno Police Department uses PredPol (now Geolitica) predictive policing software. ","Cross-jurisdictional","Predictive Policing","Geolitica","https://www.predpol.com/piedmont-california-civic-organization-highlights-predpol/#","","Vendor","","","https://www.losgatosca.gov/DocumentCenter/View/8267/PD-Section?bidId=","","The Los Gatos/Monte Sereno Police Department","","2015","https://www.mercurynews.com/2019/03/10/bay-area-police-try-out-controversial-ai-software-that-tells-them-where-to-patrol/","","San Jose Mercury News","","3/10/2019",""
"AOS2669","Richmond","Contra Costa County","CA","Richmond Police Department","Police","The Richmond Police Department signed a five-year contract with Axon for 190 body-worn cameras.","Municipal","Body-worn Cameras","Axon","https://richmondconfidential.org/2016/10/20/council-votes-to-fund-contract-for-new-police-body-cams-and-tasers/","","Richmond Confidential","","10/20/2016","https://abc7news.com/news/richmond-police-to-start-wearing-body-cameras/425425/","","ABC Local News","","12/06/2014","https://www.facebook.com/photo?fbid=3354557841226492&set=a.270293539652953","","Richmond Police","","3/1/2020",""
"AOS3074","Bakersfield","Kern County","CA","Kern County Sheriff's Office","Sheriff","The Kern County Sheriff's Office maintains a voluntary registry of private and personal surveillance cameras.","County","Camera Registry","","https://www.kernsheriff.org/Camera_Program","","Kern County Sheriff's Office","","","","","","","","","","","","",""
"AOS3076","Murrieta","Riverside County","CA","Murrieta Police Department","Police","The Murrieta Police Department maintains a voluntary registry of private and personal surveillance cameras.","Municipal","Camera Registry","","https://www.murrietaca.gov/861/Security-Camera-Registration","","City of Murrieta","","","","","","","","","","","","",""
"AOS3082","Belmont","San Mateo County","CA","Belmont Police Department","Police","The Belmont Police Department maintains a voluntary registry of private and personal surveillance cameras.","Municipal","Camera Registry","","https://www.belmont.gov/departments/police/home-surveillance-camera-guide","","City of Belmont","","","","","","","","","","","","",""
"AOS3089","Brentwood","Contra Costa County","CA","Brentwood Police Department","Police","The Brentwood Police Department maintains a voluntary registry of private and personal surveillance cameras.","Municipal","Camera Registry","","https://www.brentwoodca.gov/gov/police/prevention/home_video_surveillance_registration_form.asp","","City of Brentwood","","","","","","","","","","","","",""
"AOS3125","Hayward","Alameda County","CA","Hayward Police Department","Police","The Hayward Police Department maintains a voluntary registry of private and personal surveillance cameras.","Municipal","Camera Registry","","https://www.hayward-ca.gov/police-department/programs/hayward-eyes","","Hayward Police Department","","","","","","","","","","","","",""
"AOS3129","San Luis Obispo","San Luis Obispo County","CA","San Luis Obispo Police Department","Police","The San Luis Obispo Police Department maintains a voluntary registry of private and personal surveillance cameras.","Municipal","Camera Registry","","https://slocity.maps.arcgis.com/apps/GeoForm/index.html?appid=699eb4cc57454e199ce25c1198e680c5","","San Luis Obispo Police Department","","","","","","","","","","","","",""
"AOS3130","Huntington Beach","Orange County","CA","Huntington Beach Police Department","Police","The Huntington Beach Police Department maintains a voluntary registry of private and personal surveillance cameras.","Municipal","Camera Registry","","https://www.huntingtonbeachca.gov/government/departments/pd/online_services/security-camera-registration.cfm","","City of Huntington Beach","","","","","","","","","","","","",""
"AOS3140","Redding","Shasta County","CA","Shasta County Sheriff's Office","Sheriff","The Shasta County Sheriff's Office maintains a voluntary registry of private and personal surveillance cameras.","County","Camera Registry","","https://www.co.shasta.ca.us/index/sheriff/scram","","Shast County Sheriff's Office","","","","","","","","","","","","",""
"AOS3146","Los Gatos","Santa Clara County","CA","Los Gatos-Monte Sereno Police Department","Police","The Los Gatos/Monte Sereno Police Department maintains a voluntary registry of private and personal surveillance cameras.","Municipal","Camera Registry","","https://www.losgatosca.gov/forms.aspx?fid=122","","The Town of Los Gatos","","","","","","","","","","","","",""
"AOS3176","San Jose","Santa Clara County","CA","San Jose Police Department","Police","The San Jose Police Department maintains a voluntary registry of private and personal surveillance cameras.","Municipal","Camera Registry","","https://www.sanjoseca.gov/your-government/city-directory/city-council/district-9/public-safety/d9-camera-rebate-program","","City of San Jose","","","","","","","","","","","","",""
"AOS3180","Simi Valley","Ventura County","CA","Simi Valley Police Department","Police","The Simi Valley Police Department's SafeCam program is a voluntary registry of private and personal surveillance cameras.","Municipal","Camera Registry","","https://www.simivalley.org/departments/police-department/services/security-camera-registry-safecam-941","","City of Simi Valley","","","","","","","","","","","","",""
"AOS3183","Roseville","Placer County","CA","Roseville Police Department","Police","The Roseville Police Department maintains a voluntary registry of private and personal surveillance cameras.","Municipal","Camera Registry","","https://www.roseville.ca.us/government/departments/police_department/community_services/keep_watch_-_surveillance_camera_registry","","City of Roseville","","","https://roseville.maps.arcgis.com/apps/GeoForm/index.html?appid=f627fabb07574247bd267ef317520b10","","City of Roseville","","","","","","","",""
"AOS3206","Novato","Marin County","CA","Novato Police Department","Police","The Novato Police Department maintains a voluntary registry of private and personal surveillance cameras.","Municipal","Camera Registry","","https://www.novato.org/government/police-department/community-programs/surveillance-camera-registry-and-monitoring/scram-faqs","","City of Novato","","","","","","","","","","","","",""
"AOS3207","Walnut Creek","Contra Costa County","CA","Walnut Creek Police Department","Police","The Walnut Creek Police Department maintains a voluntary registry of private and personal surveillance cameras.","Municipal","Camera Registry","","https://www.walnut-creek.org/departments/public-safety/police/video-surveillance-camera-registration","","City of Walnut Creek","","","","","","","","","","","","",""
"AOS3210","Stockton","San Joaquin County","CA","Stockton Police Department","Police","The Stockton Police Department maintains a voluntary registry of private and personal surveillance cameras.","Municipal","Camera Registry","","http://ww1.stocktonca.gov/Departments/Police/Programs-and-Services/COP-Program","","City of Stockton","","","","","","","","","","","","",""
"AOS3212","San Rafael","Marin County","CA","San Rafael Police Department","Police","The San Rafael Police Department maintains a voluntary registry of private and personal surveillance cameras.","Municipal","Camera Registry","","https://www.srpd.org/camera-registration","","San Rafael Police Department","","","","","","","","","","","","",""
"AOS3214","Fairfield","Solano County","CA","Solano County Sheriff's Office","Sheriff","The Solano County Sheriff's Office maintains a voluntary registry of private and personal surveillance cameras.","County","Camera Registry","","https://www.solanocounty.com/depts/sheriff/camera_registration/default.asp","","Solano County Sheriff's Office","","","","","","","","","","","","",""
"AOS3215","Tiburon","Marin County","CA","Tiburon Police Department","Police","The Tiburon Police Department maintains a voluntary registry of private and personal surveillance cameras.","Municipal","Camera Registry","","https://www.townoftiburon.org/261/Citizens-View-Security-Camera-Program","","Town of Tiburon","","","","","","","","","","","","",""
"AOS3227","Redwood City","San Mateo County","CA","San Mateo County Sheriff's Office","Sheriff","The San Mateo County Sheriff's Office maintains a voluntary registry of private and personal surveillance cameras.","County","Camera Registry","","https://www.smcsheriff.com/security-camera-registry","","San Mateo County Sheriff's Office","","","","","","","","","","","","",""
"AOS3229","Tracy","San Joaquin County","CA","Tracy Police Department","Police","The Tracy Police Department maintains a voluntary registry of private and personal surveillance cameras.","Municipal","Camera Registry","","https://www.ci.tracy.ca.us/?navid=8370","","City of Tracy","","","","","","","","","","","","",""
"AOS3230","Sausalito","Marin County","CA","Sausalito Police Department","Police","The Sausalito Police Department maintains a voluntary registry of private and personal surveillance cameras.","Municipal","Camera Registry","","https://www.sausalito.gov/departments/police-department/online-forms/surveillance-camera-registry","","City of Sausalito","","","","","","","","","","","","",""
"AOS3239","Santa Clara","Santa Clara County","CA","Santa Clara Police Department","Police","The Santa Clara Police Department maintains a voluntary registry of private and personal surveillance cameras.","Municipal","Camera Registry","","https://www.santaclaraca.gov/our-city/departments-g-z/police-department/community/video-surveillance-camera-registration","","City of Santa Clara","","","","","","","","","","","","",""
"AOS3250","Martinez","Contra Costa County","CA","Martinez Police Department","Police","The Martinez Police Department maintains a voluntary registry of private and personal surveillance cameras.","Municipal","Camera Registry","","https://www.cityofmartinez.org/depts/police/security_camera_registration.asp","","City of Martinez","","","","","","","","","","","","",""
"AOS3252","Yuba City","Sutter County","CA","Yuba City Police Department","Police","The Yuba City Police Department maintains a voluntary registry of private and personal surveillance cameras.","Municipal","Camera Registry","","https://www.yubacity.net/city_hall/departments/police_department/video_camera_registration","","Yuba City","","","","","","","","","","","","",""
"AOS3257","Merced","Merced County","CA","Merced Police Department","Police","The Merced Police Department maintains a voluntary registry of private and personal surveillance cameras.","Municipal","Camera Registry","","https://www.cityofmerced.org/departments/police/community-camera-program","","City of Merced","","","","","","","","","","","","",""
"AOS3263","Berkeley","Alameda County","CA","Berkeley Police Department","Police","The Berkley Police Department maintains a voluntary registry of private and personal surveillance cameras.","Municipal","Camera Registry","","https://www.cityofberkeley.info/police/security-camera-registry/","","City of Berkeley","","","","","","","","","","","","",""
"AOS3264","Freemont","Alamdea County","CA","Fremont Police Department","Police","The Freemont Police Department maintains a voluntary registry of private and personal surveillance cameras.","Municipal","Camera Registry","","https://www.fremontpolice.gov/crime-prevention/video-surveillance-cameras/private-video-surveillance-cameras","","Freemont Police Department","","","","","","","","","","","","",""
"AOS3266","Folsom","Sacramento County","CA","Folsom Police Department","Police","The Folsom Police Department maintains a voluntary registry of private and personal surveillance cameras.","Municipal","Camera Registry","","https://www.folsom.ca.us/city_hall/depts/police/programs/camera_registration.asp","","City of Folsom","","","","","","","","","","","","",""
"AOS3274","Vacaville","Solano County","CA","Vacaville Police Department","Police","The Vacaville Police Department maintains a voluntary registry of private and personal surveillance cameras.","Municipal","Camera Registry","","https://www.ci.vacaville.ca.us/departments/police-department/surveillance-camera-registration","","City of Vacaville","","","","","","","","","","","","",""
"AOS3276","Dublin","Alameda County","CA","Dublin Police Department","Police","The Dublin Police Department maintains a voluntary registry of private and personal surveillance cameras.","Municipal","Camera Registry","","https://dublin.ca.gov/1815/Security-Camera-Registration","","City of Dublin","","","","","","","","","","","","",""
"AOS3277","Ventura","Ventura County","CA","Ventura Police Department","Police","The Ventura Police Department maintains a voluntary registry of private and personal surveillance cameras.","Municipal","Camera Registry","","https://www.cityofventura.ca.gov/1244/Video-Camera-Registration","","City of Ventura","","","","","","","","","","","","",""
"AOS3279","Oakland","Alameda County","CA","Oakland Police Department","Police","The Oakland Police Department maintains a voluntary registry of private and personal surveillance cameras.","Municipal","Camera Registry","","https://www.oaklandca.gov/services/register-your-security-camera","","City of Oakland","","","","","","","","","","","","",""
"AOS3285","Pasadena","Los Angeles County","CA","Pasadena Police Department","Police","The Pasadena Police Department uses Vigilant Solutions face recognition software and accesses a Dataworks face recognition system operated by Los Angeles County. ","Municipal","Face Recognition","Vigilant Solutions, Dataworks","https://www.pasadenastarnews.com/2020/02/28/pasadena-police-have-used-facial-recognition-software-in-hundreds-of-cases-since-2017/","","Pasadena Star News","","02/28/20","","","","","","","","","","",""
"AOS3539","Madera","Madera County","CA","Madera Police Department","Police","In 2018, the Madera Police Department allocated $29,000 for a three-year contract with PredPol (now Geolitica) for predictive policing software. ","Municipal","Predictive Policing","Geolitica","https://www.madera.gov/wp-content/uploads/2018/02/Agenda-020718-Combined.pdf","","Madera Government","","02/07/2018","","","","","","","","","","",""
"AOS3541","Richmond","Contra Costa County","CA","Richmond Police Department","Police","The Richmond Police Department began using PredPol (now Geolitica) predictive policing software in 2013. ","Municipal","Predictive Policing","Geolitica","https://www.facebook.com/richmondpolicecali/posts/680084832007153","","Richmond Police Department ","","08/06/2013","","","","","","","","","","",""
"AOS3543","Woodland","Yolo County","CA","Woodland Police Department","Police","The Woodland Police Department began using PredPol (now Geolitica) predictive policing software in 2013.","Municipal","Predictive Policing","Geolitica","https://www.kcra.com/article/woodland-officers-adopt-predictive-policing-to-fight-crime/6408107","","KCRA 3 News","","10/02/2013","https://www.predpol.com/woodland-police-enlist-predictive-policing/","","PredPol","","10/4","","","","","",""
"AOS3545","Simi Valley","Ventura County","CA","Ventura County Sheriff's Office","Sheriff","The Ventura County Sheriff's Office signed an agreement with Amazon's home surveillance equipment company, Ring, in 2018 to gain special access to the company's Neighbors app.","County","Ring/Neighbors Partnership","Ring","https://www.google.com/maps/d/viewer?mid=1eYVDPh5itXq5acDT9b0BVeQwmESBa4cB&usp=sharing","","Ring","","4/3/18","https://blog.ring.com/2019/08/28/working-together-for-safer-neighborhoods-introducing-the-neighbors-active-law-enforcement-map/","","Ring","","8/28/2019","","","","","",""
"AOS3598","Carlsbad","San Diego County","CA","Carlsbad Police Department","Police","The Carlsbad Police Department signed an agreement with Amazon's home surveillance equipment company, Ring, in 2018 to gain special access to the company's Neighbors app.","Municipal","Ring/Neighbors Partnership","Ring","https://www.google.com/maps/d/viewer?mid=1eYVDPh5itXq5acDT9b0BVeQwmESBa4cB&usp=sharing","","Ring","","11/5/18","https://blog.ring.com/2019/08/28/working-together-for-safer-neighborhoods-introducing-the-neighbors-active-law-enforcement-map/","","Ring","","8/28/2019","","","","","",""
"AOS3599","Oceanside","San Diego County","CA","Oceanside Police Department","Police","The Oceanside Police Department signed an agreement with Amazon's home surveillance equipment company, Ring, in 2018 to gain special access to the company's Neighbors app.","Municipal","Ring/Neighbors Partnership","Ring","https://www.google.com/maps/d/viewer?mid=1eYVDPh5itXq5acDT9b0BVeQwmESBa4cB&usp=sharing","","Ring","","11/6/18","https://blog.ring.com/2019/08/28/working-together-for-safer-neighborhoods-introducing-the-neighbors-active-law-enforcement-map/","","Ring","","8/28/2019","","","","","",""
"AOS3600","Alhambra","Los Angeles County","CA","Alhambra Police Department","Police","The Alhambra Police Department signed an agreement with Amazon's home surveillance equipment company, Ring, in 2018 to gain special access to the company's Neighbors app. The city set aside $10,000 to subsidize the purchase of Ring cameras by 200 residents.","Municipal","Ring/Neighbors Partnership","Ring","https://www.google.com/maps/d/viewer?mid=1eYVDPh5itXq5acDT9b0BVeQwmESBa4cB&usp=sharing","","Ring","","12/4/18","https://blog.ring.com/2019/08/28/working-together-for-safer-neighborhoods-introducing-the-neighbors-active-law-enforcement-map/","","Ring","","8/28/2019","https://alhambracitynews.org/2018/03/27/ring-home-security-rebate-program-for-community/","","Alhambra City News","","3/27/18",""
"AOS3602","Oxnard","Ventura County","CA","Oxnard Police Department","Police","The Oxnard Police Department signed an agreement with Amazon's home surveillance equipment company, Ring, in 2018 to gain special access to the company's Neighbors app.","Municipal","Ring/Neighbors Partnership","Ring","https://www.google.com/maps/d/viewer?mid=1eYVDPh5itXq5acDT9b0BVeQwmESBa4cB&usp=sharing","","Ring","","12/12/18","https://blog.ring.com/2019/08/28/working-together-for-safer-neighborhoods-introducing-the-neighbors-active-law-enforcement-map/","","Ring","","8/28/2019","","","","","",""
"AOS3647","Ventura","Ventura County","CA","Ventura Police Department","Police","The Ventura Police Department signed an agreement with Amazon's home surveillance equipment company, Ring, in 2019 to gain special access to the company's Neighbors app.","Municipal","Ring/Neighbors Partnership","Ring","https://www.google.com/maps/d/viewer?mid=1eYVDPh5itXq5acDT9b0BVeQwmESBa4cB&usp=sharing","","Ring","","2/27/19","https://blog.ring.com/2019/08/28/working-together-for-safer-neighborhoods-introducing-the-neighbors-active-law-enforcement-map/","","Ring","","8/28/2019","","","","","",""
"AOS3653","La Mesa","San Diego County","CA","La Mesa Police Department","Police","The La Mesa Police Department signed an agreement with Amazon's home surveillance equipment company, Ring, in 2019 to gain special access to the company's Neighbors app.","Municipal","Ring/Neighbors Partnership","Ring","https://www.google.com/maps/d/viewer?mid=1eYVDPh5itXq5acDT9b0BVeQwmESBa4cB&usp=sharing","","Ring","","3/4/19","https://blog.ring.com/2019/08/28/working-together-for-safer-neighborhoods-introducing-the-neighbors-active-law-enforcement-map/","","Ring","","8/28/2019","","","","","",""
"AOS3677","Port Hueneme","Ventura County","CA","Port Hueneme Police Department","Police","The Port Hueneme Police Department signed an agreement with Amazon's home surveillance equipment company, Ring, in 2019 to gain special access to the company's Neighbors app.","Municipal","Ring/Neighbors Partnership","Ring","https://www.google.com/maps/d/viewer?mid=1eYVDPh5itXq5acDT9b0BVeQwmESBa4cB&usp=sharing","","Ring","","3/18/19","https://blog.ring.com/2019/08/28/working-together-for-safer-neighborhoods-introducing-the-neighbors-active-law-enforcement-map/","","Ring","","8/28/2019","","","","","",""
"AOS3685","Desert Hot Springs","Riverside County","CA","Desert Hot Springs Police Department","Police","The Desert Hot Springs Police Department signed an agreement with Amazon's home surveillance equipment company, Ring, in 2019 to gain special access to the company's Neighbors app.","Municipal","Ring/Neighbors Partnership","Ring","https://www.google.com/maps/d/viewer?mid=1eYVDPh5itXq5acDT9b0BVeQwmESBa4cB&usp=sharing","","Ring","","3/25/19","https://blog.ring.com/2019/08/28/working-together-for-safer-neighborhoods-introducing-the-neighbors-active-law-enforcement-map/","","Ring","","8/28/2019","","","","","",""
"AOS3693","Arcadia","Los Angeles County","CA","Arcadia Police Department","Police","The Arcadia Police Department signed an agreement with Amazon's home surveillance equipment company, Ring, in 2019 to gain special access to the company's Neighbors app. The city set aside $25,000 to subsidize the purchase of Ring cameras by 500 residents.","Municipal","Ring/Neighbors Partnership","Ring","https://www.google.com/maps/d/viewer?mid=1eYVDPh5itXq5acDT9b0BVeQwmESBa4cB&usp=sharing","","Ring","","4/1/19","https://blog.ring.com/2019/08/28/working-together-for-safer-neighborhoods-introducing-the-neighbors-active-law-enforcement-map/","","Ring","","8/28/2019","https://web.archive.org/web/20200323062454/https://www.arcadiaca.gov/protect/police_department/community_outreach/ring_doorbell_subsidy.php","","Arcadia","","5/31/2019",""
"AOS3712","Westminster","Orange County","CA","Westminster Police Department","Police","The Westminster Police Department signed an agreement with Amazon's home surveillance equipment company, Ring, in 2019 to gain special access to the company's Neighbors app.","Municipal","Ring/Neighbors Partnership","Ring","https://www.google.com/maps/d/viewer?mid=1eYVDPh5itXq5acDT9b0BVeQwmESBa4cB&usp=sharing","","Ring","","4/11/19","https://blog.ring.com/2019/08/28/working-together-for-safer-neighborhoods-introducing-the-neighbors-active-law-enforcement-map/","","Ring","","8/28/2019","","","","","",""
"AOS3721","Encinitas","San Diego County","CA","San Diego County Sheriff's Department","Sheriff","The San Diego County Sheriff's Department signed an agreement with Amazon's home surveillance equipment company, Ring, in 2019 to gain special access to the company's Neighbors app.","County","Ring/Neighbors Partnership","Ring","https://www.google.com/maps/d/viewer?mid=1eYVDPh5itXq5acDT9b0BVeQwmESBa4cB&usp=sharing","","Ring","","4/16/19","https://blog.ring.com/2019/08/28/working-together-for-safer-neighborhoods-introducing-the-neighbors-active-law-enforcement-map/","","Ring","","8/28/2019","","","","","",""
"AOS3724","Redondo Beach","Los Angeles County","CA","Redondo Beach Police Department","Police","The Redondo Beach Police Department signed an agreement with Amazon's home surveillance equipment company, Ring, in 2019 to gain special access to the company's Neighbors app. The city appropriated $15,000 from the city's crime reduction fund to subsidize the purchase of Ring cameras for residents.","Municipal","Ring/Neighbors Partnership","Ring","https://www.google.com/maps/d/viewer?mid=1eYVDPh5itXq5acDT9b0BVeQwmESBa4cB&usp=sharing","","Ring","","4/16/19","https://blog.ring.com/2019/08/28/working-together-for-safer-neighborhoods-introducing-the-neighbors-active-law-enforcement-map/","","Ring","","8/28/2019","https://tbrnews.com/news/redondo_beach/redondo-beach-approves-traffic-circle-security-cameras-and-high-powered/article_5e425f60-252d-11e7-8eb2-9f6711f682a6.html","","The Beach Reporter","","4/19/17",""
"AOS3737","Pomona","Los Angeles County","CA","Pomona Police Department","Police","The Pomona Police Department signed an agreement with Amazon's home surveillance equipment company, Ring, in 2019 to gain special access to the company's Neighbors app.","Municipal","Ring/Neighbors Partnership","Ring","https://www.google.com/maps/d/viewer?mid=1eYVDPh5itXq5acDT9b0BVeQwmESBa4cB&usp=sharing","","Ring","","4/23/19","https://blog.ring.com/2019/08/28/working-together-for-safer-neighborhoods-introducing-the-neighbors-active-law-enforcement-map/","","Ring","","8/28/2019","","","","","",""
"AOS3738","Hawthorne","Los Angeles County","CA","Hawthorne Police Department","Police","The Hawthorne Police Department signed an agreement with Amazon's home surveillance equipment company, Ring, in 2019 to gain special access to the company's Neighbors app.","Municipal","Ring/Neighbors Partnership","Ring","https://www.google.com/maps/d/viewer?mid=1eYVDPh5itXq5acDT9b0BVeQwmESBa4cB&usp=sharing","","Ring","","4/24/19","https://blog.ring.com/2019/08/28/working-together-for-safer-neighborhoods-introducing-the-neighbors-active-law-enforcement-map/","","Ring","","8/28/2019","","","","","",""
"AOS3746","El Monte","Los Angeles County","CA","El Monte Police Department","Police","The El Monte Police Department signed an agreement with Amazon's home surveillance equipment company, Ring, in 2019 to gain special access to the company's Neighbors app.","Municipal","Ring/Neighbors Partnership","Ring","https://www.google.com/maps/d/viewer?mid=1eYVDPh5itXq5acDT9b0BVeQwmESBa4cB&usp=sharing","","Ring","","5/1/19","https://blog.ring.com/2019/08/28/working-together-for-safer-neighborhoods-introducing-the-neighbors-active-law-enforcement-map/","","Ring","","8/28/2019","","","","","",""
"AOS3753","Foster City","San Mateo County","CA","Foster City Police Department","Police","The Foster City Police Department signed an agreement with Amazon's home surveillance equipment company, Ring, in 2019 to gain special access to the company's Neighbors app.","Municipal","Ring/Neighbors Partnership","Ring","https://www.google.com/maps/d/viewer?mid=1eYVDPh5itXq5acDT9b0BVeQwmESBa4cB&usp=sharing","","Ring","","5/7/19","https://blog.ring.com/2019/08/28/working-together-for-safer-neighborhoods-introducing-the-neighbors-active-law-enforcement-map/","","Ring","","8/28/2019","","","","","",""
"AOS3761","Hercules","Contra Costa County","CA","Hercules Police Department","Police","The Hercules Police Department signed an agreement with Amazon's home surveillance equipment company, Ring, in 2019 to gain special access to the company's Neighbors app.","Municipal","Ring/Neighbors Partnership","Ring","https://www.google.com/maps/d/viewer?mid=1eYVDPh5itXq5acDT9b0BVeQwmESBa4cB&usp=sharing","","Ring","","5/13/19","https://blog.ring.com/2019/08/28/working-together-for-safer-neighborhoods-introducing-the-neighbors-active-law-enforcement-map/","","Ring","","8/28/2019","","","","","",""
"AOS3782","Los Angeles","Los Angeles County","CA","Los Angeles Police Department","Police","The Los Angeles Police Department signed an agreement with Amazon's home surveillance equipment company, Ring, in 2019 to gain special access to the company's Neighbors app.","Municipal","Ring/Neighbors Partnership","Ring","https://www.google.com/maps/d/viewer?mid=1eYVDPh5itXq5acDT9b0BVeQwmESBa4cB&usp=sharing","","Ring","","5/23/19","https://blog.ring.com/2019/08/28/working-together-for-safer-neighborhoods-introducing-the-neighbors-active-law-enforcement-map/","","Ring","","8/28/2019","","","","","",""
"AOS3795","Modesto","Stanislaus County","CA","Modesto Police Department","Police","The Modesto Police Department signed an agreement with Amazon's home surveillance equipment company, Ring, in 2019 to gain special access to the company's Neighbors app.","Municipal","Ring/Neighbors Partnership","Ring","https://www.google.com/maps/d/viewer?mid=1eYVDPh5itXq5acDT9b0BVeQwmESBa4cB&usp=sharing","","Ring","","5/31/19","https://blog.ring.com/2019/08/28/working-together-for-safer-neighborhoods-introducing-the-neighbors-active-law-enforcement-map/","","Ring","","8/28/2019","","","","","",""
"AOS3801","Manteca","San Joaquin County","CA","Manteca Police Department","Police","The Manteca Police Department signed an agreement with Amazon's home surveillance equipment company, Ring, in 2019 to gain special access to the company's Neighbors app.","Municipal","Ring/Neighbors Partnership","Ring","https://www.google.com/maps/d/viewer?mid=1eYVDPh5itXq5acDT9b0BVeQwmESBa4cB&usp=sharing","","Ring","","6/5/19","https://blog.ring.com/2019/08/28/working-together-for-safer-neighborhoods-introducing-the-neighbors-active-law-enforcement-map/","","Ring","","8/28/2019","","","","","",""
"AOS3834","San Marino","Los Angeles County","CA","San Marino Police Department","Police","The San Marino Police Department signed an agreement with Amazon's home surveillance equipment company, Ring, in 2019 to gain special access to the company's Neighbors app. The city offered 200 residents a $100 subsidy to purchase Ring cameras.","Municipal","Ring/Neighbors Partnership","Ring","https://www.google.com/maps/d/viewer?mid=1eYVDPh5itXq5acDT9b0BVeQwmESBa4cB&usp=sharing","","Ring","","6/24/19","https://blog.ring.com/2019/08/28/working-together-for-safer-neighborhoods-introducing-the-neighbors-active-law-enforcement-map/","","Ring","","8/28/2019","https://www.cityofsanmarino.org/City%20Manager/Press%20Releases/Media%20Advisory%20-%20San%20Marino%20and%20Ring%20Invite%20Residents%20to%20Launch%20Event%20for%20Subsidy%20Program.pdf","","San Marino","","8/19/19",""
"AOS3850","Fresno","Fresno County","CA","Fresno Police Department","Police","The Fresno Police Department signed an agreement with Amazon's home surveillance equipment company, Ring, in 2019 to gain special access to the company's Neighbors app.","Municipal","Ring/Neighbors Partnership","Ring","https://www.google.com/maps/d/viewer?mid=1eYVDPh5itXq5acDT9b0BVeQwmESBa4cB&usp=sharing","","Ring","","7/2/19","https://blog.ring.com/2019/08/28/working-together-for-safer-neighborhoods-introducing-the-neighbors-active-law-enforcement-map/","","Ring","","8/28/2019","","","","","",""
"AOS3862","Covina","Los Angeles County","CA","Covina Police Department","Police","The Covina Police Department signed an agreement with Amazon's home surveillance equipment company, Ring, in 2019 to gain special access to the company's Neighbors app.","Municipal","Ring/Neighbors Partnership","Ring","https://www.google.com/maps/d/viewer?mid=1eYVDPh5itXq5acDT9b0BVeQwmESBa4cB&usp=sharing","","Ring","","7/11/19","https://blog.ring.com/2019/08/28/working-together-for-safer-neighborhoods-introducing-the-neighbors-active-law-enforcement-map/","","Ring","","8/28/2019","","","","","",""
"AOS3884","Fresno","Fresno County","CA","Fresno County Sheriff's Office","Sheriff","The Fresno County Sheriff's Office signed an agreement with Amazon's home surveillance equipment company, Ring, in 2019 to gain special access to the company's Neighbors app.","County","Ring/Neighbors Partnership","Ring","https://www.google.com/maps/d/viewer?mid=1eYVDPh5itXq5acDT9b0BVeQwmESBa4cB&usp=sharing","","Ring","","7/22/19","https://blog.ring.com/2019/08/28/working-together-for-safer-neighborhoods-introducing-the-neighbors-active-law-enforcement-map/","","Ring","","8/28/2019","","","","","",""
"AOS3889","San Jose","Santa Clara County","CA","Santa Clara Police Department","Police","The Santa Clara Police Department signed an agreement with Amazon's home surveillance equipment company, Ring, in 2019 to gain special access to the company's Neighbors app.","Municipal","Ring/Neighbors Partnership","Ring","https://www.google.com/maps/d/viewer?mid=1eYVDPh5itXq5acDT9b0BVeQwmESBa4cB&usp=sharing","","Ring","","7/24/19","https://blog.ring.com/2019/08/28/working-together-for-safer-neighborhoods-introducing-the-neighbors-active-law-enforcement-map/","","Ring","","8/28/2019","","","","","",""
"AOS3893","Chula Vista","San Diego County","CA","Chula Vista Police Department","Police","The Chula Vista Police Department signed an agreement with Amazon's home surveillance equipment company, Ring, in 2019 to gain special access to the company's Neighbors app.","Municipal","Ring/Neighbors Partnership","Ring","https://www.google.com/maps/d/viewer?mid=1eYVDPh5itXq5acDT9b0BVeQwmESBa4cB&usp=sharing","","Ring","","7/26/19","https://blog.ring.com/2019/08/28/working-together-for-safer-neighborhoods-introducing-the-neighbors-active-law-enforcement-map/","","Ring","","8/28/2019","","","","","",""
"AOS3918","Elk Grove","Sacramento County","CA","Elk Grove Police Department","Police","The Elk Grove Police Department signed an agreement with Amazon's home surveillance equipment company, Ring, in 2019 to gain special access to the company's Neighbors app.","Municipal","Ring/Neighbors Partnership","Ring","https://www.google.com/maps/d/viewer?mid=1eYVDPh5itXq5acDT9b0BVeQwmESBa4cB&usp=sharing","","Ring","","8/9/19","https://blog.ring.com/2019/08/28/working-together-for-safer-neighborhoods-introducing-the-neighbors-active-law-enforcement-map/","","Ring","","8/28/2019","","","","","",""
"AOS3934","Glendora","Los Angeles County","CA","Glendora Police Department","Police","The Glendora Police Department signed an agreement with Amazon's home surveillance equipment company, Ring, in 2019 to gain special access to the company's Neighbors app.","Municipal","Ring/Neighbors Partnership","Ring","https://www.google.com/maps/d/viewer?mid=1eYVDPh5itXq5acDT9b0BVeQwmESBa4cB&usp=sharing","","Ring","","8/20/19","https://blog.ring.com/2019/08/28/working-together-for-safer-neighborhoods-introducing-the-neighbors-active-law-enforcement-map/","","Ring","","8/28/2019","","","","","",""
"AOS3941","Santa Monica","Los Angeles County","CA","Santa Monica Police Department","Police","The Santa Monica Police Department signed an agreement with Amazon's home surveillance equipment company, Ring, in 2019 to gain special access to the company's Neighbors app.","Municipal","Ring/Neighbors Partnership","Ring","https://www.google.com/maps/d/viewer?mid=1eYVDPh5itXq5acDT9b0BVeQwmESBa4cB&usp=sharing","","Ring","","8/22/19","https://blog.ring.com/2019/08/28/working-together-for-safer-neighborhoods-introducing-the-neighbors-active-law-enforcement-map/","","Ring","","8/28/2019","","","","","",""
"AOS3948","Santa Barbara","Santa Barbara County","CA","Santa Barbara Police Department","Police","The Santa Barbara Police Department signed an agreement with Amazon's home surveillance equipment company, Ring, in 2019 to gain special access to the company's Neighbors app.","Municipal","Ring/Neighbors Partnership","Ring","https://www.google.com/maps/d/viewer?mid=1eYVDPh5itXq5acDT9b0BVeQwmESBa4cB&usp=sharing","","Ring","","8/27/19","https://blog.ring.com/2019/08/28/working-together-for-safer-neighborhoods-introducing-the-neighbors-active-law-enforcement-map/","","Ring","","8/28/2019","","","","","",""
"AOS3958","Long Beach","Los Angeles County","CA","Long Beach Police Department","Police","The Long Beach Police Department signed an agreement with Amazon's home surveillance equipment company, Ring, in 2019 to gain special access to the company's Neighbors app.","Municipal","Ring/Neighbors Partnership","Ring","https://www.google.com/maps/d/viewer?mid=1eYVDPh5itXq5acDT9b0BVeQwmESBa4cB&usp=sharing","","Ring","","9/3/19","https://blog.ring.com/2019/08/28/working-together-for-safer-neighborhoods-introducing-the-neighbors-active-law-enforcement-map/","","Ring","","8/28/2019","","","","","",""
"AOS3961","Auburn","Placer County","CA","Placer County Sheriff's Office","Sheriff","The Placer County Sheriff's Office signed an agreement with Amazon's home surveillance equipment company, Ring, in 2019 to gain special access to the company's Neighbors app.","County","Ring/Neighbors Partnership","Ring","https://www.google.com/maps/d/viewer?mid=1eYVDPh5itXq5acDT9b0BVeQwmESBa4cB&usp=sharing","","Ring","","9/4/19","https://blog.ring.com/2019/08/28/working-together-for-safer-neighborhoods-introducing-the-neighbors-active-law-enforcement-map/","","Ring","","8/28/2019","","","","","",""
"AOS3962","Corona","Riverside County","CA","Corona Police Department","Police","The Corona Police Department signed an agreement with Amazon's home surveillance equipment company, Ring, in 2019 to gain special access to the company's Neighbors app.","Municipal","Ring/Neighbors Partnership","Ring","https://www.google.com/maps/d/viewer?mid=1eYVDPh5itXq5acDT9b0BVeQwmESBa4cB&usp=sharing","","Ring","","9/4/19","https://blog.ring.com/2019/08/28/working-together-for-safer-neighborhoods-introducing-the-neighbors-active-law-enforcement-map/","","Ring","","8/28/2019","","","","","",""
"AOS3963","Rocklin","Placer County","CA","Rocklin Police Department","Police","The Rocklin Police Department signed an agreement with Amazon's home surveillance equipment company, Ring, in 2019 to gain special access to the company's Neighbors app.","Municipal","Ring/Neighbors Partnership","Ring","https://www.google.com/maps/d/viewer?mid=1eYVDPh5itXq5acDT9b0BVeQwmESBa4cB&usp=sharing","","Ring","","9/4/19","https://blog.ring.com/2019/08/28/working-together-for-safer-neighborhoods-introducing-the-neighbors-active-law-enforcement-map/","","Ring","","8/28/2019","","","","","",""
"AOS3986","Ontario","San Bernardino County","CA","Ontario Police Department","Police","The Ontario Police Department signed an agreement with Amazon's home surveillance equipment company, Ring, in 2019 to gain special access to the company's Neighbors app.","Municipal","Ring/Neighbors Partnership","Ring","https://www.google.com/maps/d/viewer?mid=1eYVDPh5itXq5acDT9b0BVeQwmESBa4cB&usp=sharing","","Ring","","9/12/19","https://blog.ring.com/2019/08/28/working-together-for-safer-neighborhoods-introducing-the-neighbors-active-law-enforcement-map/","","Ring","","8/28/2019","","","","","",""
"AOS4004","Los Banos","Merced County","CA","Los Banos Police Department","Police","The Los Banos Police Department signed an agreement with Amazon's home surveillance equipment company, Ring, in 2019 to gain special access to the company's Neighbors app.","Municipal","Ring/Neighbors Partnership","Ring","https://www.google.com/maps/d/viewer?mid=1eYVDPh5itXq5acDT9b0BVeQwmESBa4cB&usp=sharing","","Ring","","9/18/19","https://blog.ring.com/2019/08/28/working-together-for-safer-neighborhoods-introducing-the-neighbors-active-law-enforcement-map/","","Ring","","8/28/2019","","","","","",""
"AOS4025","Los Alamitos","Orange County","CA","Los Alamitos Police Department","Police","The Los Alamitos Police Department signed an agreement with Amazon's home surveillance equipment company, Ring, in 2019 to gain special access to the company's Neighbors app.","Municipal","Ring/Neighbors Partnership","Ring","https://www.google.com/maps/d/viewer?mid=1eYVDPh5itXq5acDT9b0BVeQwmESBa4cB&usp=sharing","","Ring","","9/27/19","https://blog.ring.com/2019/08/28/working-together-for-safer-neighborhoods-introducing-the-neighbors-active-law-enforcement-map/","","Ring","","8/28/2019","","","","","",""
"AOS4032","Fountain Valley","Orange County","CA","Fountain Valley Police Department","Police","The Fountain Valley Police Department signed an agreement with Amazon's home surveillance equipment company, Ring, in 2019 to gain special access to the company's Neighbors app.","Municipal","Ring/Neighbors Partnership","Ring","https://www.google.com/maps/d/viewer?mid=1eYVDPh5itXq5acDT9b0BVeQwmESBa4cB&usp=sharing","","Ring","","9/30/19","https://blog.ring.com/2019/08/28/working-together-for-safer-neighborhoods-introducing-the-neighbors-active-law-enforcement-map/","","Ring","","8/28/2019","","","","","",""
"AOS4046","Placerville","El Dorado County","CA","El Dorado County Sheriff's Office","Sheriff","The El Dorado County Sheriff's Office signed an agreement with Amazon's home surveillance equipment company, Ring, in 2019 to gain special access to the company's Neighbors app.","County","Ring/Neighbors Partnership","Ring","https://www.google.com/maps/d/viewer?mid=1eYVDPh5itXq5acDT9b0BVeQwmESBa4cB&usp=sharing","","Ring","","10/4/19","https://blog.ring.com/2019/08/28/working-together-for-safer-neighborhoods-introducing-the-neighbors-active-law-enforcement-map/","","Ring","","8/28/2019","","","","","",""
"AOS4057","Clovis","Fresno County","CA","Clovis Police Department","Police","The Clovis Police Department signed an agreement with Amazon's home surveillance equipment company, Ring, in 2019 to gain special access to the company's Neighbors app.","Municipal","Ring/Neighbors Partnership","Ring","https://www.google.com/maps/d/viewer?mid=1eYVDPh5itXq5acDT9b0BVeQwmESBa4cB&usp=sharing","","Ring","","10/9/19","https://blog.ring.com/2019/08/28/working-together-for-safer-neighborhoods-introducing-the-neighbors-active-law-enforcement-map/","","Ring","","8/28/2019","","","","","",""
"AOS4062","Whittier","Los Angeles County","CA","Whittier Police Department","Police","The Whittier Police Department signed an agreement with Amazon's home surveillance equipment company, Ring, in 2019 to gain special access to the company's Neighbors app.","Municipal","Ring/Neighbors Partnership","Ring","https://www.google.com/maps/d/viewer?mid=1eYVDPh5itXq5acDT9b0BVeQwmESBa4cB&usp=sharing","","Ring","","10/10/19","https://blog.ring.com/2019/08/28/working-together-for-safer-neighborhoods-introducing-the-neighbors-active-law-enforcement-map/","","Ring","","8/28/2019","","","","","",""
"AOS4065","San Bernardino","San Bernardino County","CA","San Bernardino Police Department","Police","The San Bernardino Police Department signed an agreement with Amazon's home surveillance equipment company, Ring, in 2019 to gain special access to the company's Neighbors app.","Municipal","Ring/Neighbors Partnership","Ring","https://www.google.com/maps/d/viewer?mid=1eYVDPh5itXq5acDT9b0BVeQwmESBa4cB&usp=sharing","","Ring","","10/10/19","https://blog.ring.com/2019/08/28/working-together-for-safer-neighborhoods-introducing-the-neighbors-active-law-enforcement-map/","","Ring","","8/28/2019","","","","","",""
"AOS4069","Redwood City","San Mateo County","CA","Redwood City Police Department","Police","The Redwood City Police Department signed an agreement with Amazon's home surveillance equipment company, Ring, in 2019 to gain special access to the company's Neighbors app.","Municipal","Ring/Neighbors Partnership","Ring","https://www.google.com/maps/d/viewer?mid=1eYVDPh5itXq5acDT9b0BVeQwmESBa4cB&usp=sharing","","Ring","","10/11/19","https://blog.ring.com/2019/08/28/working-together-for-safer-neighborhoods-introducing-the-neighbors-active-law-enforcement-map/","","Ring","","8/28/2019","","","","","",""
"AOS4090","Madera","Madera County","CA","Madera Police Department","Police","The Madera Police Department signed an agreement with Amazon's home surveillance equipment company, Ring, in 2019 to gain special access to the company's Neighbors app.","Municipal","Ring/Neighbors Partnership","Ring","https://www.google.com/maps/d/viewer?mid=1eYVDPh5itXq5acDT9b0BVeQwmESBa4cB&usp=sharing","","Ring","","10/18/19","https://blog.ring.com/2019/08/28/working-together-for-safer-neighborhoods-introducing-the-neighbors-active-law-enforcement-map/","","Ring","","8/28/2019","","","","","",""
"AOS4091","Milpitas","Santa Clara County","CA","Milpitas Police Department","Police","The Milpitas Police Department signed an agreement with Amazon's home surveillance equipment company, Ring, in 2019 to gain special access to the company's Neighbors app.","Municipal","Ring/Neighbors Partnership","Ring","https://www.google.com/maps/d/viewer?mid=1eYVDPh5itXq5acDT9b0BVeQwmESBa4cB&usp=sharing","","Ring","","10/18/19","https://blog.ring.com/2019/08/28/working-together-for-safer-neighborhoods-introducing-the-neighbors-active-law-enforcement-map/","","Ring","","8/28/2019","","","","","",""
"AOS4116","Visalia","Tulare County","CA","Visalia Police Department","Police","The Visalia Police Department signed an agreement with Amazon's home surveillance equipment company, Ring, in 2019 to gain special access to the company's Neighbors app.","Municipal","Ring/Neighbors Partnership","Ring","https://www.google.com/maps/d/viewer?mid=1eYVDPh5itXq5acDT9b0BVeQwmESBa4cB&usp=sharing","","Ring","","10/25/19","https://blog.ring.com/2019/08/28/working-together-for-safer-neighborhoods-introducing-the-neighbors-active-law-enforcement-map/","","Ring","","8/28/2019","","","","","",""
"AOS4119","Selma","Fresno County","CA","Selma Police Department","Police","The Selma Police Department signed an agreement with Amazon's home surveillance equipment company, Ring, in 2019 to gain special access to the company's Neighbors app.","Municipal","Ring/Neighbors Partnership","Ring","https://www.google.com/maps/d/viewer?mid=1eYVDPh5itXq5acDT9b0BVeQwmESBa4cB&usp=sharing","","Ring","","10/25/19","https://blog.ring.com/2019/08/28/working-together-for-safer-neighborhoods-introducing-the-neighbors-active-law-enforcement-map/","","Ring","","8/28/2019","","","","","",""
"AOS4123","Manhattan Beach","Los Angeles County","CA","Manhattan Beach Police Department","Police","The Manhattan Beach Police Department signed an agreement with Amazon's home surveillance equipment company, Ring, in 2019 to gain special access to the company's Neighbors app.","Municipal","Ring/Neighbors Partnership","Ring","https://www.google.com/maps/d/viewer?mid=1eYVDPh5itXq5acDT9b0BVeQwmESBa4cB&usp=sharing","","Ring","","10/28/19","https://blog.ring.com/2019/08/28/working-together-for-safer-neighborhoods-introducing-the-neighbors-active-law-enforcement-map/","","Ring","","8/28/2019","","","","","",""
"AOS4136","San Bernardino","San Bernardino County","CA","San Bernardino County Sheriff's Department","Sheriff","The San Bernardino County Sheriff's Department signed an agreement with Amazon's home surveillance equipment company, Ring, in 2019 to gain special access to the company's Neighbors app.","County","Ring/Neighbors Partnership","Ring","https://www.google.com/maps/d/viewer?mid=1eYVDPh5itXq5acDT9b0BVeQwmESBa4cB&usp=sharing","","Ring","","11/5/2019","https://blog.ring.com/2019/08/28/working-together-for-safer-neighborhoods-introducing-the-neighbors-active-law-enforcement-map/","","Ring","","8/28/2019","","","","","",""
"AOS4145","Novato","Marin County","CA","Novato Police Department","Police","The Novato Police Department signed an agreement with Amazon's home surveillance equipment company, Ring, in 2019 to gain special access to the company's Neighbors app.","Municipal","Ring/Neighbors Partnership","Ring","https://www.google.com/maps/d/viewer?mid=1eYVDPh5itXq5acDT9b0BVeQwmESBa4cB&usp=sharing","","Ring","","11/11/2019","https://blog.ring.com/2019/08/28/working-together-for-safer-neighborhoods-introducing-the-neighbors-active-law-enforcement-map/","","Ring","","8/28/2019","","","","","",""
"AOS4146","Chico","Butte County","CA","Chico Police Department","Police","The Chico Police Department signed an agreement with Amazon's home surveillance equipment company, Ring, in 2019 to gain special access to the company's Neighbors app.","Municipal","Ring/Neighbors Partnership","Ring","https://www.google.com/maps/d/viewer?mid=1eYVDPh5itXq5acDT9b0BVeQwmESBa4cB&usp=sharing","","Ring","","11/11/2019","https://blog.ring.com/2019/08/28/working-together-for-safer-neighborhoods-introducing-the-neighbors-active-law-enforcement-map/","","Ring","","8/28/2019","","","","","",""
"AOS4147","Walnut Creek","Contra Costa County","CA","Walnut Creek Police Department","Police","The Walnut Creek Police Department signed an agreement with Amazon's home surveillance equipment company, Ring, in 2019 to gain special access to the company's Neighbors app.","Municipal","Ring/Neighbors Partnership","Ring","https://www.google.com/maps/d/viewer?mid=1eYVDPh5itXq5acDT9b0BVeQwmESBa4cB&usp=sharing","","Ring","","11/11/2019","https://blog.ring.com/2019/08/28/working-together-for-safer-neighborhoods-introducing-the-neighbors-active-law-enforcement-map/","","Ring","","8/28/2019","","","","","",""
"AOS4170","Orange","Orange County","CA","Orange Police Department","Police","The Orange Police Department signed an agreement with Amazon's home surveillance equipment company, Ring, in 2019 to gain special access to the company's Neighbors app.","Municipal","Ring/Neighbors Partnership","Ring","https://www.google.com/maps/d/viewer?mid=1eYVDPh5itXq5acDT9b0BVeQwmESBa4cB&usp=sharing","","Ring","","11/14/2019","https://blog.ring.com/2019/08/28/working-together-for-safer-neighborhoods-introducing-the-neighbors-active-law-enforcement-map/","","Ring","","8/28/2019","","","","","",""
"AOS4172","Torrance","Los Angeles County","CA","Torrance Police Department","Police","The Torrance Police Department signed an agreement with Amazon's home surveillance equipment company, Ring, in 2019 to gain special access to the company's Neighbors app.","Municipal","Ring/Neighbors Partnership","Ring","https://www.google.com/maps/d/viewer?mid=1eYVDPh5itXq5acDT9b0BVeQwmESBa4cB&usp=sharing","","Ring","","11/15/2019","https://blog.ring.com/2019/08/28/working-together-for-safer-neighborhoods-introducing-the-neighbors-active-law-enforcement-map/","","Ring","","8/28/2019","","","","","",""
"AOS4175","Hanford","Kings County","CA","Hanford Police Department","Police","The Hanford Police Department signed an agreement with Amazon's home surveillance equipment company, Ring, in 2019 to gain special access to the company's Neighbors app.","Municipal","Ring/Neighbors Partnership","Ring","https://www.google.com/maps/d/viewer?mid=1eYVDPh5itXq5acDT9b0BVeQwmESBa4cB&usp=sharing","","Ring","","11/15/2019","https://blog.ring.com/2019/08/28/working-together-for-safer-neighborhoods-introducing-the-neighbors-active-law-enforcement-map/","","Ring","","8/28/2019","","","","","",""
"AOS4181","San Jose","Santa Clara County","CA","San Jose Police Department","Police","The San Jose Police Department signed an agreement with Amazon's home surveillance equipment company, Ring, in 2019 to gain special access to the company's Neighbors app.","Municipal","Ring/Neighbors Partnership","Ring","https://www.google.com/maps/d/viewer?mid=1eYVDPh5itXq5acDT9b0BVeQwmESBa4cB&usp=sharing","","Ring","","11/18/2019","https://blog.ring.com/2019/08/28/working-together-for-safer-neighborhoods-introducing-the-neighbors-active-law-enforcement-map/","","Ring","","8/28/2019","","","","","",""
"AOS4194","Burbank","Los Angeles County","CA","Burbank Police Department","Police","The Burbank Police Department signed an agreement with Amazon's home surveillance equipment company, Ring, in 2019 to gain special access to the company's Neighbors app.","Municipal","Ring/Neighbors Partnership","Ring","https://www.google.com/maps/d/viewer?mid=1eYVDPh5itXq5acDT9b0BVeQwmESBa4cB&usp=sharing","","Ring","","11/20/2019","https://blog.ring.com/2019/08/28/working-together-for-safer-neighborhoods-introducing-the-neighbors-active-law-enforcement-map/","","Ring","","8/28/2019","","","","","",""
"AOS4195","Union City","Alameda County","CA","Union City Police Department","Police","The Union City Police Department signed an agreement with Amazon's home surveillance equipment company, Ring, in 2019 to gain special access to the company's Neighbors app.","Municipal","Ring/Neighbors Partnership","Ring","https://www.google.com/maps/d/viewer?mid=1eYVDPh5itXq5acDT9b0BVeQwmESBa4cB&usp=sharing","","Ring","","11/20/2019","https://blog.ring.com/2019/08/28/working-together-for-safer-neighborhoods-introducing-the-neighbors-active-law-enforcement-map/","","Ring","","8/28/2019","","","","","",""
"AOS4204","Fontana","San Bernardino County","CA","Fontana Police Department","Police","The Fontana Police Department signed an agreement with Amazon's home surveillance equipment company, Ring, in 2019 to gain special access to the company's Neighbors app.","Municipal","Ring/Neighbors Partnership","Ring","https://www.google.com/maps/d/viewer?mid=1eYVDPh5itXq5acDT9b0BVeQwmESBa4cB&usp=sharing","","Ring","","11/22/2019","https://blog.ring.com/2019/08/28/working-together-for-safer-neighborhoods-introducing-the-neighbors-active-law-enforcement-map/","","Ring","","8/28/2019","","","","","",""
"AOS4225","Hemet","Riverside County","CA","Hemet Police Department","Police","The Hemet Police Department signed an agreement with Amazon's home surveillance equipment company, Ring, in 2019 to gain special access to the company's Neighbors app.","Municipal","Ring/Neighbors Partnership","Ring","https://www.google.com/maps/d/viewer?mid=1eYVDPh5itXq5acDT9b0BVeQwmESBa4cB&usp=sharing","","Ring","","12/2/2019","https://blog.ring.com/2019/08/28/working-together-for-safer-neighborhoods-introducing-the-neighbors-active-law-enforcement-map/","","Ring","","8/28/2019","","","","","",""
"AOS4228","San Rafael","Marin County","CA","Marin County Sheriff's Office","Sheriff","The Marin County Sheriff's Office signed an agreement with Amazon's home surveillance equipment company, Ring, in 2019 to gain special access to the company's Neighbors app.","County","Ring/Neighbors Partnership","Ring","https://www.google.com/maps/d/viewer?mid=1eYVDPh5itXq5acDT9b0BVeQwmESBa4cB&usp=sharing","","Ring","","12/3/2019","https://blog.ring.com/2019/08/28/working-together-for-safer-neighborhoods-introducing-the-neighbors-active-law-enforcement-map/","","Ring","","8/28/2019","","","","","",""
"AOS4230","Anaheim","Orange County","CA","Anaheim Police Department","Police","The Anaheim Police Department signed an agreement with Amazon's home surveillance equipment company, Ring, in 2019 to gain special access to the company's Neighbors app.","Municipal","Ring/Neighbors Partnership","Ring","https://www.google.com/maps/d/viewer?mid=1eYVDPh5itXq5acDT9b0BVeQwmESBa4cB&usp=sharing","","Ring","","12/5/2019","https://blog.ring.com/2019/08/28/working-together-for-safer-neighborhoods-introducing-the-neighbors-active-law-enforcement-map/","","Ring","","8/28/2019","","","","","",""
"AOS4236","Chino","San Bernardino County","CA","Chino Police Department","Police","The Chino Police Department signed an agreement with Amazon's home surveillance equipment company, Ring, in 2019 to gain special access to the company's Neighbors app.","Municipal","Ring/Neighbors Partnership","Ring","https://www.google.com/maps/d/viewer?mid=1eYVDPh5itXq5acDT9b0BVeQwmESBa4cB&usp=sharing","","Ring","","12/5/2019","https://blog.ring.com/2019/08/28/working-together-for-safer-neighborhoods-introducing-the-neighbors-active-law-enforcement-map/","","Ring","","8/28/2019","","","","","",""
"AOS4257","Turlock","Stanislaus County","CA","Turlock Police Department","Police","The Turlock Police Department signed an agreement with Amazon's home surveillance equipment company, Ring, in 2019 to gain special access to the company's Neighbors app.","Municipal","Ring/Neighbors Partnership","Ring","https://www.google.com/maps/d/viewer?mid=1eYVDPh5itXq5acDT9b0BVeQwmESBa4cB&usp=sharing","","Ring","","12/11/2019","https://blog.ring.com/2019/08/28/working-together-for-safer-neighborhoods-introducing-the-neighbors-active-law-enforcement-map/","","Ring","","8/28/2019","","","","","",""
"AOS4260","Brea","Orange County","CA","Brea Police Department","Police","The Brea Police Department signed an agreement with Amazon's home surveillance equipment company, Ring, in 2019 to gain special access to the company's Neighbors app.","Municipal","Ring/Neighbors Partnership","Ring","https://www.google.com/maps/d/viewer?mid=1eYVDPh5itXq5acDT9b0BVeQwmESBa4cB&usp=sharing","","Ring","","12/11/2019","https://blog.ring.com/2019/08/28/working-together-for-safer-neighborhoods-introducing-the-neighbors-active-law-enforcement-map/","","Ring","","8/28/2019","","","","","",""
"AOS4279","Grass Valley","Nevada County","CA","Grass Valley Police Department","Police","The Grass Valley Police Department signed an agreement with Amazon's home surveillance equipment company, Ring, in 2019 to gain special access to the company's Neighbors app.","Municipal","Ring/Neighbors Partnership","Ring","https://www.google.com/maps/d/viewer?mid=1eYVDPh5itXq5acDT9b0BVeQwmESBa4cB&usp=sharing","","Ring","","12/17/2019","https://blog.ring.com/2019/08/28/working-together-for-safer-neighborhoods-introducing-the-neighbors-active-law-enforcement-map/","","Ring","","8/28/2019","","","","","",""
"AOS4300","West Covina","Los Angeles County","CA","West Covina Police Department","Police","The West Covina Police Department signed an agreement with Amazon's home surveillance equipment company, Ring, in 2019 to gain special access to the company's Neighbors app.","Municipal","Ring/Neighbors Partnership","Ring","https://www.google.com/maps/d/viewer?mid=1eYVDPh5itXq5acDT9b0BVeQwmESBa4cB&usp=sharing","","Ring","","12/26/2019","https://blog.ring.com/2019/08/28/working-together-for-safer-neighborhoods-introducing-the-neighbors-active-law-enforcement-map/","","Ring","","8/28/2019","","","","","",""
"AOS4308","Redlands","San Bernardino County","CA","Redlands Police Department","Police","The Redlands Police Department signed an agreement with Amazon's home surveillance equipment company, Ring, in 2020 to gain special access to the company's Neighbors app.","Municipal","Ring/Neighbors Partnership","Ring","https://www.google.com/maps/d/viewer?mid=1eYVDPh5itXq5acDT9b0BVeQwmESBa4cB&usp=sharing","","Ring","","1/2/2020","https://blog.ring.com/2019/08/28/working-together-for-safer-neighborhoods-introducing-the-neighbors-active-law-enforcement-map/","","Ring","","8/28/2019","","","","","",""
"AOS4313","Reedley","Fresno County","CA","Reedley Police Department","Police","The Reedley Police Department signed an agreement with Amazon's home surveillance equipment company, Ring, in 2020 to gain special access to the company's Neighbors app.","Municipal","Ring/Neighbors Partnership","Ring","https://www.google.com/maps/d/viewer?mid=1eYVDPh5itXq5acDT9b0BVeQwmESBa4cB&usp=sharing","","Ring","","1/6/2020","https://blog.ring.com/2019/08/28/working-together-for-safer-neighborhoods-introducing-the-neighbors-active-law-enforcement-map/","","Ring","","8/28/2019","","","","","",""
"AOS4347","Visalia","Tulare County","CA","Tulare County Sheriff's Office","Sheriff","The Tulare County Sheriff's Office signed an agreement with Amazon's home surveillance equipment company, Ring, in 2020 to gain special access to the company's Neighbors app.","County","Ring/Neighbors Partnership","Ring","https://www.google.com/maps/d/viewer?mid=1eYVDPh5itXq5acDT9b0BVeQwmESBa4cB&usp=sharing","","Ring","","1/13/2020","https://blog.ring.com/2019/08/28/working-together-for-safer-neighborhoods-introducing-the-neighbors-active-law-enforcement-map/","","Ring","","8/28/2019","","","","","",""
"AOS4349","Morro Bay","San Luis Obispo County","CA","Morro Bay Police Department","Police","The Morro Bay Police Department signed an agreement with Amazon's home surveillance equipment company, Ring, in 2020 to gain special access to the company's Neighbors app.","Municipal","Ring/Neighbors Partnership","Ring","https://www.google.com/maps/d/viewer?mid=1eYVDPh5itXq5acDT9b0BVeQwmESBa4cB&usp=sharing","","Ring","","1/14/2020","https://blog.ring.com/2019/08/28/working-together-for-safer-neighborhoods-introducing-the-neighbors-active-law-enforcement-map/","","Ring","","8/28/2019","","","","","",""
"AOS4377","South San Francisco","San Mateo County","CA","South San Francisco Police Department","Police","The South San Francisco Police Department signed an agreement with Amazon's home surveillance equipment company, Ring, in 2020 to gain special access to the company's Neighbors app.","Municipal","Ring/Neighbors Partnership","Ring","https://www.google.com/maps/d/viewer?mid=1eYVDPh5itXq5acDT9b0BVeQwmESBa4cB&usp=sharing","","Ring","","1/21/2020","https://blog.ring.com/2019/08/28/working-together-for-safer-neighborhoods-introducing-the-neighbors-active-law-enforcement-map/","","Ring","","8/28/2019","","","","","",""
"AOS4393","Beaumont","Riverside County","CA","Beaumont Police Department","Police","The Beaumont Police Department signed an agreement with Amazon's home surveillance equipment company, Ring, in 2020 to gain special access to the company's Neighbors app.","Municipal","Ring/Neighbors Partnership","Ring","https://www.google.com/maps/d/viewer?mid=1eYVDPh5itXq5acDT9b0BVeQwmESBa4cB&usp=sharing","","Ring","","1/24/2020","https://blog.ring.com/2019/08/28/working-together-for-safer-neighborhoods-introducing-the-neighbors-active-law-enforcement-map/","","Ring","","8/28/2019","","","","","",""
"AOS4400","Exeter","Tulare County","CA","Exeter Police Department","Police","The Exeter Police Department signed an agreement with Amazon's home surveillance equipment company, Ring, in 2020 to gain special access to the company's Neighbors app.","Municipal","Ring/Neighbors Partnership","Ring","https://www.google.com/maps/d/viewer?mid=1eYVDPh5itXq5acDT9b0BVeQwmESBa4cB&usp=sharing","","Ring","","1/27/2020","https://blog.ring.com/2019/08/28/working-together-for-safer-neighborhoods-introducing-the-neighbors-active-law-enforcement-map/","","Ring","","8/28/2019","","","","","",""
"AOS4413","Palm Springs","Riverside County","CA","Palm Springs Police Department","Police","The Palm Springs Police Department signed an agreement with Amazon's home surveillance equipment company, Ring, in 2020 to gain special access to the company's Neighbors app.","Municipal","Ring/Neighbors Partnership","Ring","https://www.google.com/maps/d/viewer?mid=1eYVDPh5itXq5acDT9b0BVeQwmESBa4cB&usp=sharing","","Ring","","1/28/2020","https://blog.ring.com/2019/08/28/working-together-for-safer-neighborhoods-introducing-the-neighbors-active-law-enforcement-map/","","Ring","","8/28/2019","","","","","",""
"AOS4435","Oakdale","Stanislaus County","CA","Oakdale Police Department","Police","The Oakdale Police Department signed an agreement with Amazon's home surveillance equipment company, Ring, in 2020 to gain special access to the company's Neighbors app.","Municipal","Ring/Neighbors Partnership","Ring","https://www.google.com/maps/d/viewer?mid=1eYVDPh5itXq5acDT9b0BVeQwmESBa4cB&usp=sharing","","Ring","","2/3/2020","https://blog.ring.com/2019/08/28/working-together-for-safer-neighborhoods-introducing-the-neighbors-active-law-enforcement-map/","","Ring","","8/28/2019","","","","","",""
"AOS4447","San Luis Obispo","San Luis Obispo County","CA","San Luis Obispo Police Department","Police","The San Luis Obispo Police Department signed an agreement with Amazon's home surveillance equipment company, Ring, in 2020 to gain special access to the company's Neighbors app.","Municipal","Ring/Neighbors Partnership","Ring","https://www.google.com/maps/d/viewer?mid=1eYVDPh5itXq5acDT9b0BVeQwmESBa4cB&usp=sharing","","Ring","","2/5/2020","https://blog.ring.com/2019/08/28/working-together-for-safer-neighborhoods-introducing-the-neighbors-active-law-enforcement-map/","","Ring","","8/28/2019","","","","","",""
"AOS4484","Irvine","Orange County","CA","Irvine Police Department","Police","The Irvine Police Department signed an agreement with Amazon's home surveillance equipment company, Ring, in 2020 to gain special access to the company's Neighbors app.","Municipal","Ring/Neighbors Partnership","Ring","https://www.google.com/maps/d/viewer?mid=1eYVDPh5itXq5acDT9b0BVeQwmESBa4cB&usp=sharing","","Ring","","2/11/2020","https://blog.ring.com/2019/08/28/working-together-for-safer-neighborhoods-introducing-the-neighbors-active-law-enforcement-map/","","Ring","","8/28/2019","","","","","",""
"AOS4493","Upland","San Bernardino County","CA","Upland Police Department","Police","The Upland Police Department signed an agreement with Amazon's home surveillance equipment company, Ring, in 2020 to gain special access to the company's Neighbors app.","Municipal","Ring/Neighbors Partnership","Ring","https://www.google.com/maps/d/viewer?mid=1eYVDPh5itXq5acDT9b0BVeQwmESBa4cB&usp=sharing","","Ring","","2/13/2020","https://blog.ring.com/2019/08/28/working-together-for-safer-neighborhoods-introducing-the-neighbors-active-law-enforcement-map/","","Ring","","8/28/2019","","","","","",""
"AOS4517","Laguna Beach","Orange County","CA","Laguna Beach Police Department","Police","The Laguna Beach Police Department signed an agreement with Amazon's home surveillance equipment company, Ring, in 2020 to gain special access to the company's Neighbors app.","Municipal","Ring/Neighbors Partnership","Ring","https://www.google.com/maps/d/viewer?mid=1eYVDPh5itXq5acDT9b0BVeQwmESBa4cB&usp=sharing","","Ring","","2/18/2020","https://blog.ring.com/2019/08/28/working-together-for-safer-neighborhoods-introducing-the-neighbors-active-law-enforcement-map/","","Ring","","8/28/2019","","","","","",""
"AOS4527","Redwood City","San Mateo County","CA","San Mateo County Sheriff's Office","Sheriff","The San Mateo County Sheriff's Office signed an agreement with Amazon's home surveillance equipment company, Ring, in 2020 to gain special access to the company's Neighbors app.","County","Ring/Neighbors Partnership","Ring","https://www.google.com/maps/d/viewer?mid=1eYVDPh5itXq5acDT9b0BVeQwmESBa4cB&usp=sharing","","Ring","","2/19/2020","https://blog.ring.com/2019/08/28/working-together-for-safer-neighborhoods-introducing-the-neighbors-active-law-enforcement-map/","","Ring","","8/28/2019","","","","","",""
"AOS4537","Vallejo","Solano County","CA","Vallejo Police Department","Police","The Vallejo Police Department signed an agreement with Amazon's home surveillance equipment company, Ring, in 2020 to gain special access to the company's Neighbors app.","Municipal","Ring/Neighbors Partnership","Ring","https://www.google.com/maps/d/viewer?mid=1eYVDPh5itXq5acDT9b0BVeQwmESBa4cB&usp=sharing","","Ring","","2/20/2020","https://blog.ring.com/2019/08/28/working-together-for-safer-neighborhoods-introducing-the-neighbors-active-law-enforcement-map/","","Ring","","8/28/2019","","","","","",""
"AOS4538","Huntington Beach","Orange County","CA","Huntington Beach Police Department","Police","The Huntington Beach Police Department signed an agreement with Amazon's home surveillance equipment company, Ring, in 2020 to gain special access to the company's Neighbors app.","Municipal","Ring/Neighbors Partnership","Ring","https://www.google.com/maps/d/viewer?mid=1eYVDPh5itXq5acDT9b0BVeQwmESBa4cB&usp=sharing","","Ring","","2/20/2020","https://blog.ring.com/2019/08/28/working-together-for-safer-neighborhoods-introducing-the-neighbors-active-law-enforcement-map/","","Ring","","8/28/2019","","","","","",""
"AOS4555","El Segundo","Los Angeles County","CA","El Segundo Police Department","Police","The El Segundo Police Department signed an agreement with Amazon's home surveillance equipment company, Ring, in 2020 to gain special access to the company's Neighbors app.","Municipal","Ring/Neighbors Partnership","Ring","https://www.google.com/maps/d/viewer?mid=1eYVDPh5itXq5acDT9b0BVeQwmESBa4cB&usp=sharing","","Ring","","2/25/2020","https://blog.ring.com/2019/08/28/working-together-for-safer-neighborhoods-introducing-the-neighbors-active-law-enforcement-map/","","Ring","","8/28/2019","","","","","",""
"AOS4576","Citrus Heights","Sacramento County","CA","Citrus Heights Police Department","Police","The Citrus Heights Police Department signed an agreement with Amazon's home surveillance equipment company, Ring, in 2020 to gain special access to the company's Neighbors app.","Municipal","Ring/Neighbors Partnership","Ring","https://www.google.com/maps/d/viewer?mid=1eYVDPh5itXq5acDT9b0BVeQwmESBa4cB&usp=sharing","","Ring","","3/2/2020","https://blog.ring.com/2019/08/28/working-together-for-safer-neighborhoods-introducing-the-neighbors-active-law-enforcement-map/","","Ring","","8/28/2019","","","","","",""
"AOS4591","Folsom","Sacramento County","CA","Folsom Police Department","Police","The Folsom Police Department signed an agreement with Amazon's home surveillance equipment company, Ring, in 2020 to gain special access to the company's Neighbors app.","Municipal","Ring/Neighbors Partnership","Ring","https://www.google.com/maps/d/viewer?mid=1eYVDPh5itXq5acDT9b0BVeQwmESBa4cB&usp=sharing","","Ring","","3/4/2020","https://blog.ring.com/2019/08/28/working-together-for-safer-neighborhoods-introducing-the-neighbors-active-law-enforcement-map/","","Ring","","8/28/2019","","","","","",""
"AOS4610","Fullerton","Orange County","CA","Fullerton Police Department","Police","The Fullerton Police Department signed an agreement with Amazon's home surveillance equipment company, Ring, in 2020 to gain special access to the company's Neighbors app.","Municipal","Ring/Neighbors Partnership","Ring","https://www.google.com/maps/d/viewer?mid=1eYVDPh5itXq5acDT9b0BVeQwmESBa4cB&usp=sharing","","Ring","","3/10/2020","https://blog.ring.com/2019/08/28/working-together-for-safer-neighborhoods-introducing-the-neighbors-active-law-enforcement-map/","","Ring","","8/28/2019","","","","","",""
"AOS4611","Los Angeles","Los Angeles County","CA","Los Angeles County Sheriff's Department","Sheriff","The Los Angeles County Sheriff's Department signed an agreement with Amazon's home surveillance equipment company, Ring, in 2020 to gain special access to the company's Neighbors app.","County","Ring/Neighbors Partnership","Ring","https://www.google.com/maps/d/viewer?mid=1eYVDPh5itXq5acDT9b0BVeQwmESBa4cB&usp=sharing","","Ring","","3/11/2020","https://blog.ring.com/2019/08/28/working-together-for-safer-neighborhoods-introducing-the-neighbors-active-law-enforcement-map/","","Ring","","8/28/2019","https://www.documentcloud.org/documents/6374431-LA-County-Aug-28-Report-from-CEO-to-Board-about.html","","Shreyas Gandlur","","8/28/19",""
"AOS4615","Escondido","San Diego County","CA","Escondido Police Department","Police","The Escondido Police Department signed an agreement with Amazon's home surveillance equipment company, Ring, in 2020 to gain special access to the company's Neighbors app.","Municipal","Ring/Neighbors Partnership","Ring","https://www.google.com/maps/d/viewer?mid=1eYVDPh5itXq5acDT9b0BVeQwmESBa4cB&usp=sharing","","Ring","","3/11/2020","https://blog.ring.com/2019/08/28/working-together-for-safer-neighborhoods-introducing-the-neighbors-active-law-enforcement-map/","","Ring","","8/28/2019","","","","","",""
"AOS4618","Hermosa Beach","Los Angeles County","CA","Hermosa Beach Police Department","Police","The Hermosa Beach Police Department signed an agreement with Amazon's home surveillance equipment company, Ring, in 2020 to gain special access to the company's Neighbors app.","Municipal","Ring/Neighbors Partnership","Ring","https://www.google.com/maps/d/viewer?mid=1eYVDPh5itXq5acDT9b0BVeQwmESBa4cB&usp=sharing","","Ring","","3/12/2020","https://blog.ring.com/2019/08/28/working-together-for-safer-neighborhoods-introducing-the-neighbors-active-law-enforcement-map/","","Ring","","8/28/2019","","","","","",""
"AOS4630","Monrovia","Los Angeles County","CA","Monrovia Police Department","Police","The Monrovia Police Department signed an agreement with Amazon's home surveillance equipment company, Ring, in 2020 to gain special access to the company's Neighbors app.","Municipal","Ring/Neighbors Partnership","Ring","https://www.google.com/maps/d/viewer?mid=1eYVDPh5itXq5acDT9b0BVeQwmESBa4cB&usp=sharing","","Ring","","3/23/2020","https://blog.ring.com/2019/08/28/working-together-for-safer-neighborhoods-introducing-the-neighbors-active-law-enforcement-map/","","Ring","","8/28/2019","","","","","",""
"AOS4634","Dublin","Alameda County","CA","Dublin Police Department","Police","The Dublin Police Department signed an agreement with Amazon's home surveillance equipment company, Ring, in 2020 to gain special access to the company's Neighbors app.","Municipal","Ring/Neighbors Partnership","Ring","https://www.google.com/maps/d/viewer?mid=1eYVDPh5itXq5acDT9b0BVeQwmESBa4cB&usp=sharing","","Ring","","3/24/2020","https://blog.ring.com/2019/08/28/working-together-for-safer-neighborhoods-introducing-the-neighbors-active-law-enforcement-map/","","Ring","","8/28/2019","","","","","",""
"AOS4644","Rialto","San Bernardino County","CA","Rialto Police Department","Police","The Rialto Police Department signed an agreement with Amazon's home surveillance equipment company, Ring, in 2020 to gain special access to the company's Neighbors app.","Municipal","Ring/Neighbors Partnership","Ring","https://www.google.com/maps/d/viewer?mid=1eYVDPh5itXq5acDT9b0BVeQwmESBa4cB&usp=sharing","","Ring","","3/26/2020","https://blog.ring.com/2019/08/28/working-together-for-safer-neighborhoods-introducing-the-neighbors-active-law-enforcement-map/","","Ring","","8/28/2019","","","","","",""
"AOS4700","Auburn","Placer County","CA","Auburn Police Department","Police","The Auburn Police Department signed an agreement with Amazon's home surveillance equipment company, Ring, in 2020 to gain special access to the company's Neighbors app.","Municipal","Ring/Neighbors Partnership","Ring","https://www.google.com/maps/d/viewer?mid=1eYVDPh5itXq5acDT9b0BVeQwmESBa4cB&usp=sharing","","Ring","","4/13/2020","https://blog.ring.com/2019/08/28/working-together-for-safer-neighborhoods-introducing-the-neighbors-active-law-enforcement-map/","","Ring","","8/28/2019","","","","","",""
"AOS4708","Buena Park","Orange County","CA","Buena Park Police Department","Police","The Buena Park Police Department signed an agreement with Amazon's home surveillance equipment company, Ring, in 2020 to gain special access to the company's Neighbors app.","Municipal","Ring/Neighbors Partnership","Ring","https://www.google.com/maps/d/viewer?mid=1eYVDPh5itXq5acDT9b0BVeQwmESBa4cB&usp=sharing","","Ring","","4/14/2020","https://blog.ring.com/2019/08/28/working-together-for-safer-neighborhoods-introducing-the-neighbors-active-law-enforcement-map/","","Ring","","8/28/2019","","","","","",""
"AOS4723","Merced","Merced County","CA","Merced County Sheriff's Office","Sheriff","The Merced County Sheriff's Department signed an agreement with Amazon's home surveillance equipment company, Ring, in 2020 to gain special access to the company's Neighbors app.","County","Ring/Neighbors Partnership","Ring","https://www.google.com/maps/d/viewer?mid=1eYVDPh5itXq5acDT9b0BVeQwmESBa4cB&usp=sharing","","Ring","","4/17/2020","https://blog.ring.com/2019/08/28/working-together-for-safer-neighborhoods-introducing-the-neighbors-active-law-enforcement-map/","","Ring","","8/28/2019","","","","","",""
"AOS4734","Bakersfield","Kern County","CA","Kern County Sheriff's Office","Sheriff","The Kern County Sheriff's Office signed an agreement with Amazon's home surveillance equipment company, Ring, in 2020 to gain special access to the company's Neighbors app.","County","Ring/Neighbors Partnership","Ring","https://www.google.com/maps/d/viewer?mid=1eYVDPh5itXq5acDT9b0BVeQwmESBa4cB&usp=sharing","","Ring","","4/21/2020","https://blog.ring.com/2019/08/28/working-together-for-safer-neighborhoods-introducing-the-neighbors-active-law-enforcement-map/","","Ring","","8/28/2019","","","","","",""
"AOS4763","Marina","Monterey County","CA","Marina Police Department","Police","The Marina Police Department signed an agreement with Amazon's home surveillance equipment company, Ring, in 2020 to gain special access to the company's Neighbors app.","Municipal","Ring/Neighbors Partnership","Ring","https://www.google.com/maps/d/viewer?mid=1eYVDPh5itXq5acDT9b0BVeQwmESBa4cB&usp=sharing","","Ring","","4/28/2020","https://blog.ring.com/2019/08/28/working-together-for-safer-neighborhoods-introducing-the-neighbors-active-law-enforcement-map/","","Ring","","8/28/2019","","","","","",""
"AOS4791","Gardena","Los Angeles County","CA","Gardena Police Department","Police","The Gardena Police Department signed an agreement with Amazon's home surveillance equipment company, Ring, in 2020 to gain special access to the company's Neighbors app.","Municipal","Ring/Neighbors Partnership","Ring","https://www.google.com/maps/d/viewer?mid=1eYVDPh5itXq5acDT9b0BVeQwmESBa4cB&usp=sharing","","Ring","","5/7/2020","https://blog.ring.com/2019/08/28/working-together-for-safer-neighborhoods-introducing-the-neighbors-active-law-enforcement-map/","","Ring","","8/28/2019","","","","","",""
"AOS4811","Inglewood","Los Angeles County","CA","Inglewood Police Department","Police","The Inglewood Police Department signed an agreement with Amazon's home surveillance equipment company, Ring, in 2020 to gain special access to the company's Neighbors app.","Municipal","Ring/Neighbors Partnership","Ring","https://www.google.com/maps/d/viewer?mid=1eYVDPh5itXq5acDT9b0BVeQwmESBa4cB&usp=sharing","","Ring","","5/15/2020","https://blog.ring.com/2019/08/28/working-together-for-safer-neighborhoods-introducing-the-neighbors-active-law-enforcement-map/","","Ring","","8/28/2019","","","","","",""
"AOS4822","Riverside","Riverside County","CA","Riverside Police Department","Police","The Riverside Police Department signed an agreement with Amazon's home surveillance equipment company, Ring, in 2020 to gain special access to the company's Neighbors app.","Municipal","Ring/Neighbors Partnership","Ring","https://www.google.com/maps/d/viewer?mid=1eYVDPh5itXq5acDT9b0BVeQwmESBa4cB&usp=sharing","","Ring","","5/18/2020","https://blog.ring.com/2019/08/28/working-together-for-safer-neighborhoods-introducing-the-neighbors-active-law-enforcement-map/","","Ring","","8/28/2019","","","","","",""
"AOS4855","Lompoc","Santa Barbara County","CA","Lompoc Police Department","Police","The Lompoc Police Department signed an agreement with Amazon's home surveillance equipment company, Ring, in 2020 to gain special access to the company's Neighbors app.","Municipal","Ring/Neighbors Partnership","Ring","https://www.google.com/maps/d/viewer?mid=1eYVDPh5itXq5acDT9b0BVeQwmESBa4cB&usp=sharing","","Ring","","6/2/2020","https://blog.ring.com/2019/08/28/working-together-for-safer-neighborhoods-introducing-the-neighbors-active-law-enforcement-map/","","Ring","","8/28/2019","","","","","",""
"AOS4860","Morgan Hill","Santa Clara County","CA","Morgan Hill Police Department","Police","The Morgan Hill Police Department signed an agreement with Amazon's home surveillance equipment company, Ring, in 2020 to gain special access to the company's Neighbors app.","Municipal","Ring/Neighbors Partnership","Ring","https://www.google.com/maps/d/viewer?mid=1eYVDPh5itXq5acDT9b0BVeQwmESBa4cB&usp=sharing","","Ring","","6/4/2020","https://blog.ring.com/2019/08/28/working-together-for-safer-neighborhoods-introducing-the-neighbors-active-law-enforcement-map/","","Ring","","8/28/2019","","","","","",""
"AOS4876","Chino","San Bernardino County","CA","Chino Police Department","Police","The Chino Police Department opened its real-time crime center in 2019 for around $370,000. The RTCC staff have access to a public camera network, some private and business cameras, and automated license plate readers, which they monitor live on a wall of 10 55-inch screens.","Municipal","Real-Time Crime Center","","http://www.championnewspapers.com/special_section/article_8695b528-66dc-11e9-8c7a-d3f854b3b6bc.html","","Champion Newspapers","","4/27/2019","https://www.cityofchino.org/UserFiles/Servers/Server_10382578/File/City%20Hall/City%20Finances/FY%202019-2020%20Budget/Police%20Department%20Section.pdf","","City of Chico","","2019","","","","","",""
"AOS4878","Modesto","Stanislaus County","CA","Modesto Police Department","Police","The Modesto Police Department opened its real-time crime center in 2016. The RTCC has access to at least 50 live camera feeds. The RTCC also monitors drone footage and a real-time map of call for service. MPD utilizes automated license plate reader technology and PredPol (now Geolitica) predictive policing software.","Municipal","Real-Time Crime Center","","https://www.sacbee.com/latest-news/article172209112.html","","The Sacramento Bee","","2/6/2018","https://bit.ly/2qDItoe","","Facebook","","2/17/2017","https://twitter.com/ModestoPolice/status/834114125970092033","","Twitter","","2/21/2017",""
"AOS4903","Sacramento","Sacramento County","CA","Sacramento Police Department","Police","The Sacramento Police Department built a real time crime center in the Central Command Police Facility for $500,000 in June 2016. The RTCC has access to police observation devices, automated license plate readers, and ShotSpotter gunshot detection software.","Municipal","Real-Time Crime Center","","https://www.govtech.com/dc/articles/Sacramento-Calif-Police-Launch-Real-Time-Crime-Center.html","","Government Technology","","12/7/2016","","","","","","","","","","",""
"AOS4911","Elk Grove","Sacramento County","CA","Elk Grove Police Department","Police","The Elk Grove Police Department maintains a real-time crime center. According to CBS13, the Elk Grove Police Departrment's real-time crime center utilizes more than 300 cameras, traffic feeds, cameras installed on city buses, and fixed automated license plate readers. ","Municipal","Real-Time Crime Center","","https://sacramento.cbslocal.com/2019/08/08/elk-grove-real-time-crime-fighting/","","CBS","","8/8/2019","https://fox40.com/2019/08/08/elk-grove-police-credit-information-center-in-catching-two-suspected-killers/","","Fox40","","8/8/2019","","","","","",""
"AOS5102","East Palo Alto","San Mateo County","CA","East Palo Alto Police Department","Police","The East Palo Alto Police Department started using ShotSpotter gunshot detection technology in 2007. ","Municipal","Gunshot Detection","ShotSpotter","https://www.businesswire.com/news/home/20070731005036/en/City-East-Palo-Alto-New-ShotSpotter-Crime-Fighting","","Business Wire","","07/31/2007","https://www.ci.east-palo-alto.ca.us/index.aspx?nid=652","","City of East Palo Alto","","12/19/17","https://www.ci.east-palo-alto.ca.us/index.aspx?nid=559","","City of East Palo Alto","","9/18/19",""
"AOS5103","Richmond","Contra Costa County","CA","Richmond Police Department","Police","The Richmond Police Department has installed ShotSpotter gunshot detection technology over six square miles of the city's ""most troubled geography.""","Municipal","Gunshot Detection","ShotSpotter","https://www.ci.richmond.ca.us/2440/Policing-Bureau?NID=2440","","City of Richmond","","","https://books.google.com/books?id=evfklB3i70EC&pg=PA414&lpg=PA414&dq=%22city+of+richmond+ca%22+%22shotspotter%22&source=bl&ots=SO-_pFqSJH&sig=ACfU3U1whrskiVK881sIJjJziqoTfk7Ipg&hl=en&sa=X&ved=2ahUKEwjw39bk3dfoAhUBKH0KHTuLDrMQ6AEwAnoECAwQKQ#v=onepage&q=%22city%20of%20richmond%20ca%22%20%22shotspotter%22&f=false","","Google Books","","","","","","","",""
"AOS5143","Redwood City","San Mateo County","CA","Redwood City Police Department","Police","The Redwood City Police Department has used ShotSpotter gunshot detection technology since 1996. ","Municipal","Gunshot Detection","ShotSpotter","https://www.redwoodcity.org/departments/police-department/information/crime-fighting-technology","","Redwood City Police Department","","","https://www.wired.com/2007/04/shotspotter/","","Wired","","04/01/2007","","","","","",""
"AOS5145","Westminster","Orange County","CA","Westminster Police Department","Police","The Westminster Police Department equipped all of its patrol officers and detectives with Axon body-worn cameras in 2019.","Municipal","Body-worn Cameras","Axon","https://behindthebadge.com/westminster-police-department-rolls-out-body-cams-to-patrol-officers-and-detectives/","","Behind the Badge","","05/24/2019","","","","","","","","","","",""
"AOS5150","Hawthorne","Los Angeles County","CA","Hawthorne Police Department","Police","The Wolfcom Enterprises donated 40 body-worn cameras along with 40 software licenses and docking stations to the Hawthorne Police Department. ","Municipal","Body-worn Cameras","Wolfcom","http://bodycamerareviews.com/california-hawthorne-gets-donated-wolfcom-body-cameras/","","Police Body Camera Reviews","","","https://time.com/3137048/ferguson-body-worn-cameras-police-hawthorne/","","TIME magazine","","08/18/14","https://losangeles.cbslocal.com/2014/08/19/hawthorne-mayor-police-chief-call-for-body-cameras-on-officers/","","CBSN Los Angeles","","08/19/2014",""
"AOS5159","Fullerton","Orange County","CA","California State University Fullerton Police Department","Police","The California State University Fullerton Police Department purchased 140 Axon body-worn cameras in 2014 for $650,300.","University","Body-worn Cameras","Axon","https://police.fullerton.edu/documents/policies/chapter4/4-14%20Body%20Worn%20Cameras.pdf","","California State University Fullerton Police Department","","08/19/2015","https://dailytitan.com/2014/09/police-body-cameras-will-benefit-both-officers-and-public/","","Daily Titan","","09/22/2014","","","","","",""
"AOS5176","Garden Grove","Orange County","CA","Garden Grove Police Department","Police","The Garden Grove Police Department purchased WatchGuard body-worn cameras in 2018.","Municipal","Body-worn Cameras","WatchGuard","https://watchguardvideo.com/news/garden-grove-pd-officers-begin-using-watchguard-integrated-body-cameras","","WatchGuard","","04/11/2018","","","","","","","","","","",""
"AOS5177","Mount Shasta","Siskiyou County","CA","Mount Shasta Police Department","Police","The Mount Shasta Police Department uses body-worn cameras. ","Municipal","Body-worn Cameras","Axon","https://www.facebook.com/mtshastapolice/photos/a.263170707162138/2000587993420392","","Mount Shasta Police Department","","11/29/2019","","","","","","","","","","",""
"AOS5201","Santa Cruz","Santa Cruz County","CA","Santa Cruz Police Department","Police","The Santa Cruz Police Department has used body-worn cameras since 2018. Police officers, community service officers, and park rangers wear BWCs. ","Municipal","Body-worn Cameras","Axon","http://www.cityofsantacruz.com/government/city-departments/police/community-policing/body-worn-cameras","","City of Santa Cruz","","","http://www.cityofsantacruz.com/home/showdocument?id=61195","","Santa Cruz Police and the 21st Century Policing","","12/13/2016","","","","","",""
"AOS5204","Chino","San Bernardino County","CA","Chino Police Department","Police","The Chino Police Department uses Vintra video analytics software. ","Municipal","Video Analytics","Vintra","https://www.cityofchino.org/UserFiles/Servers/Server_10382578/File/City%20Hall/City%20Finances/FY%202019-2020%20Budget/Police%20Department%20Section.pdf","","City of Chino","","2019","","","","","","","","","","",""
"AOS5275","Pauma Valley","San Diego County","CA","La Jolla Tribal Police Department","Police","The La Jolla Tribal Police Department uses Wolfcom body-worn cameras, according to a testimonial on the company's website.","Tribal","Body-worn Cameras","Wolfcom","https://wolfcomusa.com/police-body-camera-testimonials/","","Wolfcom","","","https://onezero.medium.com/exclusive-live-facial-recognition-is-coming-to-u-s-police-body-cameras-bc9036918ae0","","OneZero","","03/04/2020","","","","","",""
"AOS5297","Santa Paula","Ventura County","CA","Santa Paula Police Department","Police","The Santa Paula Police Department uses Wolfcom body-worn cameras, according to a testimonial on the company's website.","Municipal","Body-worn Cameras","Wolfcom","https://wolfcomusa.com/police-body-camera-testimonials/","","Wolfcom","","","https://onezero.medium.com/exclusive-live-facial-recognition-is-coming-to-u-s-police-body-cameras-bc9036918ae0","","OneZero","","03/04/2020","","","","","",""
"AOS5299","Phelan","San Bernardino County","CA","Snowline Joint Unified School District Police Department","Police","The Snowline Joint Unified School District Police Department uses Wolfcom body-worn cameras, according to a testimonial on the company's website.","School District","Body-worn Cameras","Wolfcom","https://wolfcomusa.com/police-body-camera-testimonials/","","Wolfcom","","","https://onezero.medium.com/exclusive-live-facial-recognition-is-coming-to-u-s-police-body-cameras-bc9036918ae0","","OneZero","","03/04/2020","","","","","",""
"AOS5300","Fairfield","Solano County","CA","Solano Community College Police Department","Police","The Solano Community College Police Department uses Wolfcom body-worn cameras, according to a testimonial on the company's website.","University","Body-worn Cameras","Wolfcom","https://wolfcomusa.com/police-body-camera-testimonials/","","Wolfcom","","","https://onezero.medium.com/exclusive-live-facial-recognition-is-coming-to-u-s-police-body-cameras-bc9036918ae0","","OneZero","","03/04/2020","","","","","",""
"AOS5303","Redding","Shasta County","CA","U.S. National Park Service - Lassen Volcanic National Park","Parks","The U.S. National Park Service at Lassen Volcanic National Park uses Wolfcom body-worn cameras, according to a testimonial on the company's website.","Federal","Body-worn Cameras","Wolfcom","https://wolfcomusa.com/police-body-camera-testimonials/","","Wolfcom","","","https://onezero.medium.com/exclusive-live-facial-recognition-is-coming-to-u-s-police-body-cameras-bc9036918ae0","","OneZero","","03/04/2020","","","","","",""
"AOS5318","Belvedere Tiburon","Marin County","CA","Tiburon Police Department","Police","The Tiburon Police Department uses body-worn cameras. ","Municipal","Body-worn Cameras","","https://www.marinij.com/2014/02/09/san-rafael-police-experiment-with-body-worn-cameras/","","Marin Independent Journal","","02/09/2014","","","","","","","","","","",""
"AOS5320","Chino","San Bernardino County","CA","Chino Police Department","Police","The Chino Police Department began testing AFR Engine's face recognition technology in 2019 and intends to extend the program.","Municipal","Face Recognition","AFR Engine","https://www.dailybulletin.com/2020/02/14/chino-police-and-facial-recognition-technology-5-things-to-know/","","Daily Bulletin","","2/14/2020","","","","","","","","","","",""
"AOS5365","Danville","Contra Costa County","CA","Danville Police Department","Police","The Danville Police Department purchased 54 automated license plate readers for $839,000 in 2019.","Municipal","Automated License Plate Readers","","https://www.eastbaytimes.com/2017/09/29/license-plate-readers-credited-with-helping-solve-crimes-in-danville/","","East Bay Times","","10/1/2017","","","","","","","","","","",""
"AOS5488","Fresno","Fresno County","CA","Fresno Police Department","Police","The Fresno Police Department has used ShotSpotter gunshot detection software since 2015.","Municipal","Gunshot Detection","ShotSpotter","https://www.fresnobee.com/news/local/article200376204.html","","The Fresno Bee","","2/15/2018","https://abc30.com/shotspotter-fresno-police-department-crime-shooting-statistics/5217321/","","ABC 30","","03/25/2019","https://gvwire.com/2019/03/29/300k-to-expand-shotspotter-get-it-done-today/","","GV Wire","","03/29/2019",""
"AOS5491","Bakersfield","Kern County","CA","Kern County Sheriff's Office","Sheriff","The Kern County Sheriff's Office received $135,000 in funding in 2017 from DOJ's Office of Justice Programs to implement a body-worn camera program.","County","Body-worn Cameras","","https://bakersfieldnow.com/news/local/facebook-apologizes-and-restores-kcso-body-camera-footage-it-took-offline","","Bakersfield Now","","9/14/2018","https://bja.ojp.gov/funding/awards/2017-bc-bx-0012","","Dept. of Justice, Dept. Justice Assistance, Office of Justice Programs","","9/29/2017","","","","","",""
"AOS5503","Novato","Marin County","CA","Novato Police Department","Police","Novato Police Department began using 45 body-worn cameras in 2014. ","Municipal","Body-worn Cameras","VIEVU","https://patch.com/california/novato/novato-police-to-be-outfitted-with-body-worn-cameras","","Patch","","3/26/2014","https://www.facebook.com/NovatoPolice/photos/a.938546969509143/3469928979704250","","Novato Police Department Facebook","","8/21/20","","","","","",""
"AOS5506","Fairfield","Solano County","CA","Fairfield Police Department","Police","The Fairfield Police Department initiated a body-worn camera program in 2013.","Municipal","Body-worn Cameras","","http://www.fairfield.ca.gov/civicax/filebank/blobdload.aspx?BlobID=16598","","Fairfield City Council","","7/27/2018","","","","","","","","","","",""
"AOS5571","Oakland","Alameda County","CA","Alameda County District Attorney's Office","District Attorney","The Alameda County District Attorney's Office maintains a cell-site simulator, which shares with other agencies such as the Oakland Police Department and Fremont Police Department.","County","Cell-site Simulator","","https://www.muckrock.com/news/archives/2017/feb/21/oakland-alameda-DA-stingray/","","Muckrock","","02/21/2017","https://www.muckrock.com/foi/alameda-county-174/cell-site-simulator-census-acda-33361/#comms","","Alameda County District Attorney's Office","","04/13/2017","","","","","",""
"AOS5572","San Francisco","San Francisco County","CA","Northern California Regional Intelligence Center","Fusion Center","The Northern California Regional Intelligence Center, a fusion center, uses face recognition technology, often in support of other law enforcement entities in the San Francisco Bay Area.","Regional","Face Recognition","","https://www.sfchronicle.com/bayarea/article/Facial-recognition-tech-used-to-build-SFPD-gun-15595796.php","","San Francisco Chronicle","","9/24/2020","","","","","","","","","","",""
"AOS5575","Seaside","Monterey County","CA","Seaside Police Department","Police","The Seaside Police Department purchased a 5-year contract for 40 Axon body-worn cameras in 2017. ","Municipal","Body-worn Cameras","Axon","https://www.ksbw.com/article/seaside-approves-funding-for-police-body-cameras/14483969","","KSBW8","","12/21/2017","http://seasidecampustown.com/DocumentCenter/View/9206/Policy-450---Portable-Body-Worn-Cameras-BWC-and-Mobile-Audio-Video-MAV-Recorderspdf","","Seaside Police Department","","1/19/2019","","","","","",""
"AOS5589","San Ramon","Contra Costa County","CA","San Ramon Police Department","Police","The San Ramon Police Department uses ""advanced search analytics"" and ""self learning AI-video analytics"" in conjunction with an Avigilon camera network.","Municipal","Video Analytics","Avigilon","https://assets.documentcloud.org/documents/6928552/Camera-Presentation.pdf","","San Ramon Police Department","","2020","https://patch.com/california/sanramon/suspicious-device-prompts-evacuation-san-ramon-shopping-center","","patch.com","","","https://www.facebook.com/DanvilleCAPolice/videos/drone-demo-1-is-done-k9-demo-at-1130am-and-drone-demo-2-at-1230pm-plenty-of-time/511410796327324/?__so__=permalink&__rv__=related_videos","","www.facebook.com","","",""
"AOS5601","Merced","Merced County","CA","Merced Police Department","Police","The Merced Police Department has used body-worn cameras since 2011. ","Municipal","Body-worn Cameras","Axon","https://abc30.com/news/merced-police-officers-outfitted-with-body-cameras/248352/","","ABC30","","08/07/2014","https://www.cityofmerced.org/Home/ShowDocument?id=2356","","City of Merced ","","2017","","","","","",""
"AOS5602","Livermore","Alameda County","CA","Livermore Police Department","Police","The Livermore Police Department purchased 100 Axon body-worn cameras in 2014.","Municipal","Body-worn Cameras","Axon","https://investor.axon.com/press-releases/press-release-details/2014/TASER-Continues-to-Build-Momentum-With-AXON-Body-Cameras-and-EVIDENCEcom-Solution/default.aspx","","Axon","","12/04/2014","https://www.independentnews.com/news/all-livermore-police-now-wear-body-cameras/article_de1013e2-e92d-11e4-8d90-3ffa3ce4b78e.html","","Independant News","","04/23/2015","http://www.cityoflivermore.net/civicax/filebank/documents/10963/","","Livermore Police Department","","04/13/2015",""
"AOS5607","Sacramento","Sacramento County","CA","Sacramento Police Department","Police","The Sacramento Police Department obtained ShotSpotter gunshot detection software in 2015. SPD renewed the contract for five years in 2020. ","Municipal","Gunshot Detection","ShotSpotter","https://www.govtech.com/public-safety/Sacramento-Calif-Renews-Controversial-ShotSpotter-Contract.html","","Government Technology","","06/18/2020","","","","","","","","","","",""
"AOS5618","West Sacramento","Yolo County","CA","West Sacramento Police Department","Police","The West Sacramento Police Department signed an agreement with Amazon's home surveillance equipment company, Ring, in June 2020 to gain special access to the company's Neighbors app.","Municipal","Ring/Neighbors Partnership","Ring","https://www.google.com/maps/d/u/0/viewer?mid=1eYVDPh5itXq5acDT9b0BVeQwmESBa4cB&ll=36.194591702507864%2C-103.96982876449249&z=166","","Ring","","","https://blog.ring.com/2019/08/28/working-together-for-safer-neighborhoods-introducing-the-neighbors-active-law-enforcement-map/","","Ring","","8/28/2019","","","","","",""
"AOS5636","Farmersville","Tulare County","CA","Farmersville Police Department","Police","The Farmersville Police Department signed an agreement with Amazon's home surveillance equipment company, Ring, in June 2020 to gain special access to the company's Neighbors app.","Municipal","Ring/Neighbors Partnership","Ring","https://www.google.com/maps/d/u/0/viewer?mid=1eYVDPh5itXq5acDT9b0BVeQwmESBa4cB&ll=36.194591702507864%2C-103.96982876449249&z=70","","Ring","","","https://blog.ring.com/2019/08/28/working-together-for-safer-neighborhoods-introducing-the-neighbors-active-law-enforcement-map/","","Ring","","8/28/2019","","","","","",""
"AOS5645","Santa Maria","Santa Barbara County","CA","Santa Maria Police Department","Police","The Santa Maria Police Department signed an agreement with Amazon's home surveillance equipment company, Ring, in July 2020 to gain special access to the company's Neighbors app.","Municipal","Ring/Neighbors Partnership","Ring","https://www.google.com/maps/d/u/0/viewer?mid=1eYVDPh5itXq5acDT9b0BVeQwmESBa4cB&ll=36.194591702507864%2C-103.96982876449249&z=140","","Ring","","","https://blog.ring.com/2019/08/28/working-together-for-safer-neighborhoods-introducing-the-neighbors-active-law-enforcement-map/","","Ring","","8/28/2019","","","","","",""
"AOS5646","Hollister","San Benito County","CA","Hollister Police Department","Police","The Hollister Police Department signed an agreement with Amazon's home surveillance equipment company, Ring, in June 2020 to gain special access to the company's Neighbors app.","Municipal","Ring/Neighbors Partnership","Ring","https://www.google.com/maps/d/u/0/viewer?mid=1eYVDPh5itXq5acDT9b0BVeQwmESBa4cB&ll=36.194591702507864%2C-103.96982876449249&z=90","","Ring","","","https://blog.ring.com/2019/08/28/working-together-for-safer-neighborhoods-introducing-the-neighbors-active-law-enforcement-map/","","Ring","","8/28/2019","","","","","",""
"AOS5653","Menifee","Riverside County","CA","Menifee Police Department","Police","The Menifee Police Department signed an agreement with Amazon's home surveillance equipment company, Ring, in July 2020 to gain special access to the company's Neighbors app.","Municipal","Ring/Neighbors Partnership","Ring","https://www.google.com/maps/d/u/0/viewer?mid=1eYVDPh5itXq5acDT9b0BVeQwmESBa4cB&ll=36.194591702507864%2C-103.96982876449249&z=114","","Ring","","","https://blog.ring.com/2019/08/28/working-together-for-safer-neighborhoods-introducing-the-neighbors-active-law-enforcement-map/","","Ring","","8/28/2019","","","","","",""
"AOS5654","Indio","Riverside County","CA","Indio Police Department","Police","The Indio Police Department signed an agreement with Amazon's home surveillance equipment company, Ring, in September 2020 to gain special access to the company's Neighbors app.","Municipal","Ring/Neighbors Partnership","Ring","https://www.google.com/maps/d/u/0/viewer?mid=1eYVDPh5itXq5acDT9b0BVeQwmESBa4cB&ll=36.194591702507864%2C-103.96982876449249&z=92","","Ring","","","https://blog.ring.com/2019/08/28/working-together-for-safer-neighborhoods-introducing-the-neighbors-active-law-enforcement-map/","","Ring","","8/28/2019","","","","","",""
"AOS5657","Roseville","Placer County","CA","Roseville Police Department","Police","The Roseville Police Department signed an agreement with Amazon's home surveillance equipment company, Ring, in July 2020 to gain special access to the company's Neighbors app.","Municipal","Ring/Neighbors Partnership","Ring","https://www.google.com/maps/d/u/0/viewer?mid=1eYVDPh5itXq5acDT9b0BVeQwmESBa4cB&ll=36.194591702507864%2C-103.96982876449249&z=138","","Ring","","","https://blog.ring.com/2019/08/28/working-together-for-safer-neighborhoods-introducing-the-neighbors-active-law-enforcement-map/","","Ring","","8/28/2019","","","","","",""
"AOS5661","Costa Mesa","Orange County","CA","Costa Mesa Police Department","Police","The Costa Mesa Police Department signed an agreement with Amazon's home surveillance equipment company, Ring, in June 2020 to gain special access to the company's Neighbors app.","Municipal","Ring/Neighbors Partnership","Ring","https://www.google.com/maps/d/u/0/viewer?mid=1eYVDPh5itXq5acDT9b0BVeQwmESBa4cB&ll=36.194591702507864%2C-103.96982876449249&z=55","","Ring","","","https://blog.ring.com/2019/08/28/working-together-for-safer-neighborhoods-introducing-the-neighbors-active-law-enforcement-map/","","Ring","","8/28/2019","","","","","",""
"AOS5663","Seal Beach","Orange County","CA","Seal Beach Police Department","Police","The Seal Beach Police Department signed an agreement with Amazon's home surveillance equipment company, Ring, in July 2020 to gain special access to the company's Neighbors app.","Municipal","Ring/Neighbors Partnership","Ring","https://www.google.com/maps/d/u/0/viewer?mid=1eYVDPh5itXq5acDT9b0BVeQwmESBa4cB&ll=36.194591702507864%2C-103.96982876449249&z=141","","Ring","","","https://blog.ring.com/2019/08/28/working-together-for-safer-neighborhoods-introducing-the-neighbors-active-law-enforcement-map/","","Ring","","8/28/2019","","","","","",""
"AOS5676","Dos Palos","Merced County","CA","Dos Palos Police Department","Police","The Dos Palos Police Department signed an agreement with Amazon's home surveillance equipment company, Ring, in July 2020 to gain special access to the company's Neighbors app.","Municipal","Ring/Neighbors Partnership","Ring","https://www.google.com/maps/d/u/0/viewer?mid=1eYVDPh5itXq5acDT9b0BVeQwmESBa4cB&ll=36.194591702507864%2C-103.96982876449249&z=61","","Ring","","","https://blog.ring.com/2019/08/28/working-together-for-safer-neighborhoods-introducing-the-neighbors-active-law-enforcement-map/","","Ring","","8/28/2019","","","","","",""
"AOS5684","South Pasadena","Los Angeles County","CA","South Pasadena Police Department","Police","The South Pasadena Police Department signed an agreement with Amazon's home surveillance equipment company, Ring, in July 2020 to gain special access to the company's Neighbors app.","Municipal","Ring/Neighbors Partnership","Ring","https://www.google.com/maps/d/u/0/viewer?mid=1eYVDPh5itXq5acDT9b0BVeQwmESBa4cB&ll=36.194591702507864%2C-103.96982876449249&z=143","","Ring","","","https://blog.ring.com/2019/08/28/working-together-for-safer-neighborhoods-introducing-the-neighbors-active-law-enforcement-map/","","Ring","","8/28/2019","","","","","",""
"AOS5685","Glendale","Los Angeles County","CA","Glendale Police Department","Police","The Glendale Police Department signed an agreement with Amazon's home surveillance equipment company, Ring, in August 2020 to gain special access to the company's Neighbors app.","Municipal","Ring/Neighbors Partnership","Ring","https://www.google.com/maps/d/u/0/viewer?mid=1eYVDPh5itXq5acDT9b0BVeQwmESBa4cB&ll=36.194591702507864%2C-103.96982876449249&z=78","","Ring","","","https://blog.ring.com/2019/08/28/working-together-for-safer-neighborhoods-introducing-the-neighbors-active-law-enforcement-map/","","Ring","","8/28/2019","","","","","",""
"AOS5686","Azusa","Los Angeles County","CA","Azusa Police Department","Police","The Azusa Police Department signed an agreement with Amazon's home surveillance equipment company, Ring, in August 2020 to gain special access to the company's Neighbors app.","Municipal","Ring/Neighbors Partnership","Ring","https://www.google.com/maps/d/u/0/viewer?mid=1eYVDPh5itXq5acDT9b0BVeQwmESBa4cB&ll=36.194591702507864%2C-103.96982876449249&z=41","","Ring","","","https://blog.ring.com/2019/08/28/working-together-for-safer-neighborhoods-introducing-the-neighbors-active-law-enforcement-map/","","Ring","","8/28/2019","","","","","",""
"AOS5687","Montebello","Los Angeles County","CA","Montebello Police Department","Police","The Montebello Police Department signed an agreement with Amazon's home surveillance equipment company, Ring, in August 2020 to gain special access to the company's Neighbors app.","Municipal","Ring/Neighbors Partnership","Ring","https://www.google.com/maps/d/u/0/viewer?mid=1eYVDPh5itXq5acDT9b0BVeQwmESBa4cB&ll=36.194591702507864%2C-103.96982876449249&z=118","","Ring","","","https://blog.ring.com/2019/08/28/working-together-for-safer-neighborhoods-introducing-the-neighbors-active-law-enforcement-map/","","Ring","","8/28/2019","","","","","",""
"AOS5761","Oroville","Butte County","CA","Butte County Sheriff's Office","Sheriff","The Butte County Sheriff's Office signed an agreement with Amazon's home surveillance equipment company, Ring, in September 2020 to gain special access to the company's Neighbors app.","County","Ring/Neighbors Partnership","Ring","https://www.google.com/maps/d/u/0/viewer?mid=1eYVDPh5itXq5acDT9b0BVeQwmESBa4cB&ll=36.194591702507864%2C-103.96982876449249&z=10","","Ring","","","https://blog.ring.com/2019/08/28/working-together-for-safer-neighborhoods-introducing-the-neighbors-active-law-enforcement-map/","","Ring","","8/28/2019","","","","","",""
"AOS5775","Fremont","Alameda County","CA","Fremont Police Department","Police","The Fremont Police Department signed an agreement with Amazon's home surveillance equipment company, Ring, in June 2020 to gain special access to the company's Neighbors app.","Municipal","Ring/Neighbors Partnership","Ring","https://www.google.com/maps/d/u/0/viewer?mid=1eYVDPh5itXq5acDT9b0BVeQwmESBa4cB&ll=36.194591702507864%2C-103.96982876449249&z=75","","Ring","","","https://blog.ring.com/2019/08/28/working-together-for-safer-neighborhoods-introducing-the-neighbors-active-law-enforcement-map/","","Ring","","8/28/2019","","","","","",""
"AOS5776","San Leandro","Alameda County","CA","Alameda County Sheriff's Office","Sheriff","The Alameda County Sheriff's Office signed an agreement with Amazon's home surveillance equipment company, Ring, in June 2020 to gain special access to the company's Neighbors app.","County","Ring/Neighbors Partnership","Ring","https://www.google.com/maps/d/u/0/viewer?mid=1eYVDPh5itXq5acDT9b0BVeQwmESBa4cB&ll=36.194591702507864%2C-103.96982876449249&z=4","","Ring","","","https://blog.ring.com/2019/08/28/working-together-for-safer-neighborhoods-introducing-the-neighbors-active-law-enforcement-map/","","Ring","","8/28/2019","","","","","",""
"AOS5780","Campbell","Santa Clara County","CA","Campbell Police Department","Police","The Campbell Police Department signed a contract with the Los Gatos Police Department to use PredPol (now Geolitica) predictive policing software in 2012. ","Municipal","Predictive Policing","Geolitica","https://www.documentcloud.org/documents/7223102-Los-Gatos-Campbell-PDs-Predpol.html","","Los Gatos Police Department","","","","","","","","","","","","",""
"AOS5782","Nevada City","Nevada County","CA","Nevada City Police Department","Police","The Nevada City Police Department uses Axon body-worn cameras. ","Municipal","Body-worn Cameras","Axon","https://www.mynevadacounty.com/DocumentCenter/View/13903/Grand-Jury-1516-Report---Body-Worn-Cameras-PDF","","Nevada County","","2016","https://www.nevadacityca.gov/files/documents/PolicePolicyManual1330045714012320PM.pdf","","Nevada City Police Department","","1/23/2020","https://www.facebook.com/NCPDCA/photos/a.888943804464859/3817000194992524","","Nevada City Police Department Facebook Page","","12/24/2019",""
"AOS5783","Truckee","Nevada County","CA","Truckee Police Department","Police","The Truckee Police Department uses Axon body-worn cameras. ","Municipal","Body-worn Cameras","Axon","https://www.mynevadacounty.com/DocumentCenter/View/13903/Grand-Jury-1516-Report---Body-Worn-Cameras-PDF","","Nevada County","","2016","https://www.theunion.com/opinion/george-boardman-isnt-it-time-for-the-sheriffs-office-to-start-using-body-cameras/","","The Union","","9/23/2018","https://www.facebook.com/truckeepolice/photos/a.329016023963362/1429741390557481","","Truckee Police Department Facebook Page","","9/21/2020",""
"AOS5803","Modesto","Stanislaus County","CA","Modesto Police Department","Police","The Modesto Police Department uses video analytics software in its real-time crime center. ","Municipal","Video Analytics","","https://www.policechiefmagazine.org/turning-the-tables/","","Police Chief Magazine","","2020","","","","","","","","","","",""
"AOS5804","Riverbank","Stanislaus County","CA","Riverbank Police Services","Police","The Riverbank Police Services uses video analytics in combination with IntelliSite Remote Surveillance Units. ","Municipal","Video Analytics","IntelliSite","https://www.modbee.com/news/local/article231746063.html","","The Modesto Bee","","06/24/2019","","","","","","","","","","",""
"AOS5805","Fremont","Alameda County","CA","Fremont Police Department","Police","The Fremont Police Department uses video analytics in combination with IntelliSite Remote Surveillance Units. ","Municipal","Video Analytics","IntelliSite","https://www.modbee.com/news/local/article231746063.html","","The Modesto Bee","","06/24/2019","","","","","","","","","","",""
"AOS5820","Long Beach","Los Angeles County","CA","Long Beach Police Department","Police","The Long Beach Police Department has a cell-site simulator, according to a 2017 news report","Municipal","Cell-site Simulator","Harris Corporation","https://www.scribd.com/document/482904676/LBPD-Cellular-Comm-Intercept-Technology-Watch-Report-Special-Order-9-10-2020","","Long Beach Police Department","","9/102/2020","https://www.latimes.com/politics/la-pol-sac-cell-phone-surveillance-transparency-law-20170827-htmlstory.html","","L.A. Times","","08/27/2017","https://www.muckrock.com/foi/long-beach-291/contracts-and-policies-regarding-imsi-catchers-long-beach-police-department-29708/#files","","Muckrock","","10/31/2016",""
"AOS5828","Los Angeles","Los Angeles County","CA","Los Angeles Police Department","Police","The Los Angeles Police Department used face recognition technology more than 30,000 times between 2009 and 2020, according to an LA Times report. In January 2021, the LA Police Commission placed moderate restrictions on the program. ","Municipal","Face Recognition","DataWorks Plus","https://www.latimes.com/california/story/2020-09-21/lapd-controversial-facial-recognition-software","","Los Angeles Times","","9/21/2020","https://www.latimes.com/california/story/2021-01-12/lapd-panel-approves-new-oversight-of-facial-recognition-rejects-calls-to-end-program","","Los Angeles Times","","01/12/2020","","","","","",""
"AOS5865","Covina","Los Angeles County","CA","Covina Police Department","Police","The Covina Police Department's patrol division employs predictive policing techniques, according the city's 2019-2020 adopted budget. ","Municipal","Predictive Policing","","https://covinaca.gov/sites/default/files/fileattachments/finance/page/254/2019-2020_adopted_budget.pdf","","Covina Police Department","","7/11/1905","","","","","","","","","","",""
"AOS5866","Redwood City","San Mateo County","CA","San Mateo County Sheriff's Office","Sheriff","The San Mateo County Sheriff's Office employs ShopSpotter gunshot detection technology.","County","Gunshot Detection","ShotSpotter","https://www.shotspotter.com/cities/","","ShotSpotter.com","","","http://www.sanmateocourt.org/documents/grand_jury/2016/surveillance.pdf","","Superior Court of California","","9/2017","","","","","",""
"AOS5868","Oakland","Alameda County","CA","Oakland Police Department","Police","The Oakland Police Department employs ShopSpotter gunshot detection technology.","Municipal","Gunshot Detection","ShotSpotter","https://www.shotspotter.com/cities/","","ShotSpotter.com","","","https://sanfrancisco.cbslocal.com/2014/05/21/shooting-crime-privacy-tech-oaklands-shotspotter-equipment-records-voice-conversations/","","CBS","","5/21/2014","https://localwiki.org/oakland/ShotSpotter","","Oakland Wiki","","",""
"AOS5878","Long Beach","Los Angeles County","CA","Long Beach Police Department","Police","The Long Beach Police Department has a voluntary camera registration program called the ""Community Camera Partnership."" LBPD can also access some private cameras in real-time through the ""Long Beach Common Operating Picture"" program. ","Municipal","Camera Registry","","http://www.longbeach.gov/police/crime-info/lbcop-community-camera-partnership/","","Long Beach ","","","","","","","","","","","","",""
"AOS5895","Sacramento","Sacramento County","CA","California Department of Justice","State Agency","The California Department of Justice began using body-worn cameras in 2015, becoming the first statewide agency in the country to adopt the technology. ","State","Body-worn Cameras","","https://www.pbs.org/newshour/politics/how-kamala-harris-record-on-police-body-cameras-fits-into-the-2020-debate-on-criminal-justice","","PBS","","04/12/2019","https://www.sacbee.com/news/politics-government/capitol-alert/article18792072.html","","The Sacramento Bee","","04/17/2015","","","","","",""
"AOS5952","Riverbank","Stanislaus County","CA","Riverbank Police Services","Police","The Riverbank Police Services uses automated license plate readers ","Municipal","Automated License Plate Readers","","https://www.modbee.com/news/local/article231746063.html","","The Modesto Bee","","06/24/2019","","","","","","","","","","",""
"AOS5953","Stockton","San Joaquin County","CA","Stockton Police Department","Police","The Stockton Police Department uses predictive policing as part of its effort to combat gun violence. ","Municipal","Predictive Policing","","https://www.route-fifty.com/public-safety/2017/03/stockton-predictive-policing-gun-crimes/136546/","","Route Fifty","","03/29/2017","","","","","","","","","","",""
"AOS5995","San Luis Obispo ","San Luis Obispo County","CA","Cal Poly State University Police Department","Police","Cal Poly Police Department began using body-worn cameras in August 2018. ","University","Body-worn Cameras","","https://afd.calpoly.edu/police/police-administration/body-worn-cameras ","","Cal Poly Police Department","","","","","","","","","","","","",""
"AOS5996","Davis","Yolo County","CA","Universty of Californa, Davis Police Department","Police","The University of California, Davis Police Department has been using body-worn cameras since 2018. ","University","Body-worn Cameras","","https://www.facebook.com/UCDavisPoliceDepartment/photos/3244179775649425","","UC Davis Police Department Facebook","","05/15/2020","https://police.ucdavis.edu/sites/g/files/dgvnsk3476/files/inline-files/UC%20Davis%20Police%20Department%20Policy%20Manual_0.pdf","","UC Davis Police Department Manual ","","08/08/2018","","","","","",""
"AOS6057","Anaheim","Orange County","CA","Anaheim Police Department","Police","The Anaheim Police Department began testing Veritone face recognition technology in 2018 and was formally approved to use the technology in 2020. ","Municipal","Face Recognition","Veritone","https://www.govtech.com/public-safety/Anaheim-Calif-Police-to-Use-Facial-Recognition-Tech.html","","GovTech","","5/7/2020","https://vimeo.com/301944924","","Veritone","","11/20/2018","https://voiceofoc.org/2020/05/anaheim-police-to-go-after-criminals-with-facial-recognition-software/","","Voice of OC","","5/5/2020",""
"AOS6105","Kentfield","Marin County","CA","Marin Community College District Police Department","Police","The Marin Community College District Police Department uses automated license plate readers. ","University","Automated License Plate Readers","","http://police.marin.edu/sites/police/files/MCCD-Police-Policy-Manual.pdf","","Marin Community College District Police Department","","02/05/2019","","","","","","","","","","",""
"AOS6106","Kentfield","Marin County","CA","Marin Community College District Police Department","Police","The Marin Community College District Police Department uses body-worn cameras.","University","Body-worn Cameras","","http://police.marin.edu/sites/police/files/MCCD-Police-Policy-Manual.pdf","","Marin Community College District Police Department","","02/05/2019","","","","","","","","","","",""
"AOS6107","San Jose","Santa Clara County","CA","San Jose State University Police Department","Police","The San Jose State University Police Department uses Axon body-worn cameras. ","University","Body-worn Cameras","Axon","https://www.sjsu.edu/adminfinance/about/campus_safety_plan/index.html","","San Jose State University","","","https://www.sjsu.edu/police/docs/forms/UPD%20Policy%20Manual%2006-2020.pdf","","SJSU PD ","","05/21/2020","https://www.facebook.com/SJSUPolice/photos/a.1337217833064141/3179167232202516/?type=3&source=54&ref=page_internal","","San Jose State Univeristy Police Department Facebook page ","","08/16/2020",""
"AOS6108","Long Beach","Los Angeles County","CA","California State University, Long Beach Police Department","Police","The California State University, Long Beach Police Department uses body-worn cameras.","University","Body-worn Cameras","","https://www.csulb.edu/sites/default/files/groups/university-police/go_4_-_body_worn_cameras1.pdf","","California State University, Long Beach  ","","03/01/2018","https://twitter.com/CSULBPolice/status/1255621053033766912/photo/1","","Twitter","","04/29/2020","","","","","",""
"AOS6109","La Jolla","San Diego County","CA","University of California San Diego Police Department","Police","As of 2020, all University of California, San Diego police officers use body-worn cameras.","University","Body-worn Cameras","","http://police.ucsd.edu/about/force.html","","University of California, San Diego Police","","2020","University of California, San Diego Police","","z","","05/18/2020","","","","","",""
"AOS6110","Fresno","Fresno County","CA","Fresno State University Police Department","Police","The Fresno State University Police Department uses body-worn cameras. ","University","Body-worn Cameras","","http://www.fresnostate.edu/adminserv/police/documents/policies/Policy421-BodyWornCameras.pdf","","Fresno State University Police Deparment","","12/16/2019","","","","","","","","","","",""
"AOS6111","Riverside","Riverside County","CA","University of California, Riverside Police Department","Police","The University of California, Riverside Police Department began using WatchGuard body-worn cameras in 2019.","University","Body-worn Cameras","WatchGuard","https://insideucr.ucr.edu/stories/2019/09/18/ucr-police-wear-body-cameras","","Inside UCR","","09/18/2019","https://www.highlandernews.org/36119/ucr-police-department-to-use-body-worn-cameras-and-in-car-video-systems/","","The Highlander","","10/01/2019","https://www.facebook.com/ucrpolicedept/photos/a.10155182524406822/10157123702081822","","University of California, Riverside Police Department Facebook","","07/06/2020",""
"AOS6112","Irvine","Orange County","CA","University of California Irvine Police Department","Police","The University of California, Irvine Police Department began using body-worn cameras in 2019.","University","Body-worn Cameras","","https://www.facebook.com/UCIrvinePD/posts/to-the-anteater-communitybody-worn-cameras-bwcs-have-become-commonplace-in-polic/2709737202430219/","","University of California, Irvine Police Department Facebook, Body-worn camera announcement","","07/02/2019","https://www.police.uci.edu/how-do-i/_img/policy-347_body_worn_audio_video_system_faq.pdf","","University of Irvine Police Department Policy Manual","","04/04/2019","https://www.facebook.com/UCIrvinePD/photos/a.465756850161610/4237913432945914","","University of California, Irvine Police Department Facebook","","09/12/2020",""
"AOS6113","San Francisco","San Francisco County","CA","San Francisco State University Police Department","Police","San Francisco State Univeristy Police Department uses body-worn cameras. ","University","Body-worn Cameras","Axon","https://upd.sfsu.edu/sites/default/files/assets/pdf/SFSUPD_GO_2020.pdf","","SFSU Police Department","","3/11/2020","https://www.facebook.com/SFSTATEPD/photos/a.742311412890210/1032091540578861/","","Facebook","","9/1/2020","","","","","",""
"AOS6130","Long Beach","Los Angeles County","CA","Long Beach Police Department","Police","The Long Beach Police Department has used multiple face recognition systems on a trial basis, but is only authorized to use Los Angeles County's LACRIS system. ","Municipal","Face Recognition","","https://checklbpd.org/wp-content/uploads/2020/11/Watch-Order-Facial-Recogntion.pdf","","City of Long Beach","","09/29/2020","https://checklbpd.org/facial-recognition-part-one/","","CheckLPBD","","11/14/2020","","","","","",""
"AOS6146","Fremont","Alameda County","CA","Fremont Police Department","Police","The Fremont Police Department began using Briefcam video analytics in 2016. ","Municipal","Video Analytics","BriefCam","https://www.muckrock.com/foi/fremont-225/briefcam-fremont-city-clerk-102166/","","City of Fremont","","9/25/2020","","","","","","","","","","",""
"AOS6147","Ontario","San Bernardino County","CA","Ontario Police Department","Police","The Ontario Police Department has used Briefcam video analytics since 2016. ","Municipal","Video Analytics","BriefCam","https://www.muckrock.com/foi/ontario-3353/briefcam-city-clerk-102168/#files","","City of Ontario","","10/01/2020","","","","","","","","","","",""
"AOS6149","Los Angeles","Los Angeles County","CA","Los Angeles County Metropolitan Transportation Authority Transit Security","Transit","Metro Transit Security uses Briefcam video analytics.","County","Video Analytics","BriefCam","https://www.muckrock.com/foi/los-angeles-county-358/briefcam-metropolitan-transportation-authority-102171/#files","","LACMTA","","10/01/2020","","","","","","","","","","",""
"AOS6207","Northridge","Los Angeles County","CA","California State University, Northridge Police Department","Police","The California State University, Northridge Police Department uses automated license plate readers. ","University ","Automated License Plate Readers","","https://www.csun.edu/sites/default/files/200902LicensePlateRecognitionSystem-12182019.pdf","","California State University, Northridge Police Department","","01/07/2015","","","","","","","","","","",""
"AOS6215","San Jose","Santa Clara County","CA","San Jose Evergreen Community College District Police Department","Police","The San Jose Evergreen Community College District Police Department shares automated license plate data with the Northern California Regional Intelligence Center. ","University ","Automated License Plate Readers","","https://www.cehrp.org/license-plate-reader-data-sharing-at-northern-california-regional-intelligence-center/","","The Center for Human Rights and Privacy","","","https://www.documentcloud.org/documents/3455471-NCRIC-Evergreen-CC-MOU-31Jan2013.html","","NCRIC","","1/31/2013","","","","","",""
"AOS6218","Irvine","Orange County","CA","University of California Irvine Police Department","Police","The University of California Irvine Police Department uses automated license plate readers. ","University ","Automated License Plate Readers","","https://www.police.uci.edu/how-do-i/_img/automated_license_plate_readers","","University of California, Irvine Police Department","","04/03/2020","","","","","","","","","","",""
"AOS6238","San Marcos","San Diego County","CA","Palomar College Police Department","Police","The Palomar College Police Department began using automated license plate readers on two patrol cars  in 2019. ","University","Automated License Plate Readers","","https://www2.palomar.edu/pages/news/digital-parking-permits-transition/","","Palomar College","","09/06/2019","","","","","","","","","","",""
"AOS6239","San Diego","San Diego County","CA","San Diego State University Police Department","Police","The San Diego State University Police Department uses automated license plate readers. ","University","Automated License Plate Readers","","http://police.sdsu.edu/documents/automated_license_plate_readers_%20policy.pdf","","San Diego State University Police Department","","05/17/2017","","","","","","","","","","",""
"AOS6258","Los Angeles","Los Angeles County","CA","University of Southern California Department of Public Safety","Police","The University of Southern California confirmed the use of facial recognition technology on campus to The College Fix. ","University","Face Recognition","","https://www.thecollegefix.com/colleges-deny-using-facial-recognition-technology-after-high-profile-academics-shame-them/","","The College FIx","","03/25/2020","","","","","","","","","","",""
"AOS6260","Los Angeles","Los Angeles County","CA","University of Southern California Department of Public Safety","Police","The University of Southern California Department of Public Safety has used automated license plate readers since at least 2012. ","University","Automated License Plate Readers","","https://managers.usc.edu/files/2020/04/147053-Surveillance-Operations-Manager.pdf","","USC","","04/01/2020","https://news.usc.edu/33116/a-letter-to-the-usc-community/","","USC","","4/11/2012","https://www.eff.org/deeplinks/2015/10/license-plate-readers-exposed-how-public-safety-agencies-responded-massive","","Electronic Frontier Foundation","","8/28/2015",""
"AOS6261","Gardena","Los Angeles County","CA","Gardena Police Department","Police","The Gardena Police Department ordered 100 Axon Flex cameras in 2015.","Municipal","Body-worn Cameras","Axon","https://www.prnewswire.com/news-releases/montgomery-county-deploys-axon-body-cameras-with-evidencecom-from-taser-300116865.html","","Cision PR Newswire","","07/22/2015","http://www.gardenapd.org/wp-content/uploads/2018/12/GardenaPDPolicy.pdf","","Gardena Police Department","","10/09/2019","","","","","",""
"AOS6262","Ontario","San Bernardino County","CA","Ontario Police Department","Police","The Ontario Police Department began using Axon body-worn cameras in 2014.","Municipal","Body-worn Cameras","Axon","https://www.dailybulletin.com/2014/12/11/ontario-police-get-body-cameras/","","Daily Bulletin","","12/11/2014","","","","","","","","","","",""
"AOS6264","Milpitas","Santa Clara County","CA","Milpitas Police Department","Police","The Milpitas Police Department equipped 84 officers with Axon body-worn cameras in 2017.","Municipal","Body-worn Cameras","Axon","https://www.mercurynews.com/2017/03/14/milpitas-city-to-equip-84-cops-with-body-worn-cameras/","","Mercury News","","03/14/2017","http://www.ci.milpitas.ca.gov/_pdfs/MilpitasPolicePolicy20200928.pdf","","Milpitas Police Department Policy Manual","","09/28/2020","","","","","",""
"AOS6276","Colton","San Bernardino County","CA","Colton Police Department","Police","The Colton Police Department first purchased 50 Axon body-worn cameras in 2014.","Municipal","Body-worn Cameras","Axon","https://www.sbsun.com/2014/12/07/colton-officers-receive-body-cameras-amid-national-push/","","San Bernardino Sun","","12/07/2014","http://www.coltonpd.org/DocumentCenter/View/283/Colton-Police-Department-Policy-Manual-PDF","","San Bernardino Police Department","","5/17/2020","https://www.facebook.com/ColtonPD/photos/2356189684676321","","Colton Police Department Facebook page","","10/01/2020",""
"AOS6385","Lake Forest","Orange County","CA","Lake Forest Police Department","Police","The Lake Forest Police Department purchased 10 Flock Safety automated license plate readers in 2020. ","Municipal","Automated License Plate Readers","Flock Safety","https://lakeforest.primegov.com/meeting/document/956.pdf?name=City%20Council%20Staff%20Report","","City of Lake Forest","","5/26/2020","https://local.nixle.com/alert/8380604/","","Lake Forest Police Department","","11/24/2020","","","","","",""
"AOS6386","Brawley","Brawley County","CA","Brawley Police Department","Police","The Brawley Police Department purchased eight automated license plate readers and related software services from Flock Safety in February 2020 for $32,000.  ","Municipal","Automated License Plate Readers","Flock Safety","http://www.brawley-ca.gov/cms/kcfinder/upload/files/Agenda_and_Minutes_2020/CC%20Minutes%2002-18-20%20rbm.pdf","","City of Brawley","","2/18/2020","","","","","","","","","","",""
"AOS6387","Barstow","San Bernardino County","CA","Barstow Police Department","Police","The Barstow Police Department uses Flock Safety automated license plate readers.","Municipal","Automated License Plate Readers","Flock Safety","https://www.barstowca.org/home/showdocument?id=6473","","Barstow Police Department","","05/13/2020","","","","","","","","","","",""
"AOS6421","San Diego","San Diego County","CA","University of California San Diego Transportation Services","Parking Enforcement","The University of California San Diego has used automated license plate readers since at least 2019 for parking enforcement. ","University","Automated License Plate Readers","Park Assist","https://blog.parknews.biz/2019/01/the-university-of-california-san-diego-awarded-park-assist-the-parking-guidance-system-for-its-new-osler-parking-structure/","","ParkNews","","1/7/2019","","","","","","","","","","",""
"AOS6429","Long Beach","Los Angeles County","CA","Long Beach Police Department","Police","The Long Beach Police Department's real-time crime center is called the Common Operating Picture. According to LBPD, ""With just the click of a computer mouse, the Long Beach Police Department has the capability to access live video of locations throughout the city to be used as a visual aid in the event of a crime.""

","Municipal","Real-Time Crime Center","","http://www.longbeach.gov/police/crime-info/lbcop-community-camera-partnership/","","Long Beach Police Department","","","","","","","","","","","","",""
"AOS6495","Fairfield","Solano County","CA","Fairfield Police Department","Police","The Fairfield Police Department signed an agreement with Amazon's home surveillance equipment company, Ring, in October 2020 to gain special access to the company's Neighbors app.","Municipal","Ring/Neighbors Partnership","Ring","https://www.google.com/maps/d/u/0/viewer?mid=1eYVDPh5itXq5acDT9b0BVeQwmESBa4cB&ll=36.194591702507864%2C-103.96982876449249&z=95","","Ring","","10/27/2020","https://blog.ring.com/2019/08/28/working-together-for-safer-neighborhoods-introducing-the-neighbors-active-law-enforcement-map/","","Ring","","8/28/2019","","","","","",""
"AOS6496","Garden Grove","Orange County","CA","Garden Grove Police Department","Police","The Garden Grove Police Department signed an agreement with Amazon's home surveillance equipment company, Ring, in October 2020 to gain special access to the company's Neighbors app.","Municipal","Ring/Neighbors Partnership","Ring","https://www.google.com/maps/d/u/0/viewer?mid=1eYVDPh5itXq5acDT9b0BVeQwmESBa4cB&ll=36.194591702507864%2C-103.96982876449249&z=95","","Ring","","10/27/2020","https://blog.ring.com/2019/08/28/working-together-for-safer-neighborhoods-introducing-the-neighbors-active-law-enforcement-map/","","Ring","","8/28/2019","","","","","",""
"AOS6502","Riverside","Riverside County","CA","Riverside County Sheriff's Department","Sheriff","The Riverside County Sheriff's Department signed an agreement with Amazon's home surveillance equipment company, Ring, in October 2020 to gain special access to the company's Neighbors app.","County","Ring/Neighbors Partnership","Ring","https://www.google.com/maps/d/u/0/viewer?mid=1eYVDPh5itXq5acDT9b0BVeQwmESBa4cB&ll=36.194591702507864%2C-103.96982876449249&z=95","","Ring","","10/28/2020","https://blog.ring.com/2019/08/28/working-together-for-safer-neighborhoods-introducing-the-neighbors-active-law-enforcement-map/","","Ring","","8/28/2019","","","","","",""
"AOS6503","Sacramento","Sacramento County","CA","Sacramento Police Department","Police","The Sacramento Police Department signed an agreement with Amazon's home surveillance equipment company, Ring, in October 2020 to gain special access to the company's Neighbors app.","Municipal","Ring/Neighbors Partnership","Ring","https://www.google.com/maps/d/u/0/viewer?mid=1eYVDPh5itXq5acDT9b0BVeQwmESBa4cB&ll=36.194591702507864%2C-103.96982876449249&z=95","","Ring","","10/28/2020","https://blog.ring.com/2019/08/28/working-together-for-safer-neighborhoods-introducing-the-neighbors-active-law-enforcement-map/","","Ring","","8/28/2019","","","","","",""
"AOS6504","Modesto","Stanislaus County","CA","Stanislaus County Sheriff's Office","Sheriff","The Stanislaus County Sheriff's Office signed an agreement with Amazon's home surveillance equipment company, Ring, in October 2020 to gain special access to the company's Neighbors app.","County","Ring/Neighbors Partnership","Ring","https://www.google.com/maps/d/u/0/viewer?mid=1eYVDPh5itXq5acDT9b0BVeQwmESBa4cB&ll=36.194591702507864%2C-103.96982876449249&z=95","","Ring","","10/28/2020","https://blog.ring.com/2019/08/28/working-together-for-safer-neighborhoods-introducing-the-neighbors-active-law-enforcement-map/","","Ring","","8/28/2019","","","","","",""
"AOS6526","Arroyo Grande","San Luis Obispo County","CA","Arroyo Grande Police Department","Police","The Arroyo Grande Police Department signed an agreement with Amazon's home surveillance equipment company, Ring, in November 2020 to gain special access to the company's Neighbors app.","Municipal","Ring/Neighbors Partnership","Ring","https://www.google.com/maps/d/u/0/viewer?mid=1eYVDPh5itXq5acDT9b0BVeQwmESBa4cB&ll=36.194591702507864%2C-103.96982876449249&z=95","","Ring","","11/13/2020","https://blog.ring.com/2019/08/28/working-together-for-safer-neighborhoods-introducing-the-neighbors-active-law-enforcement-map/","","Ring","","8/28/2019","","","","","",""
"AOS6535","Beverly Hills","Los Angeles County","CA","Beverly Hills Police Department","Police","The Beverly Hills Police Department signed an agreement with Amazon's home surveillance equipment company, Ring, in November 2020 to gain special access to the company's Neighbors app.","Municipal","Ring/Neighbors Partnership","Ring","https://www.google.com/maps/d/u/0/viewer?mid=1eYVDPh5itXq5acDT9b0BVeQwmESBa4cB&ll=36.194591702507864%2C-103.96982876449249&z=95","","Ring","","11/24/2020","https://blog.ring.com/2019/08/28/working-together-for-safer-neighborhoods-introducing-the-neighbors-active-law-enforcement-map/","","Ring","","8/28/2019","","","","","",""
"AOS6539","La Habra","Orange County","CA","La Habra Police Department","Police","The La Habra Police Department signed an agreement with Amazon's home surveillance equipment company, Ring, in December 2020 to gain special access to the company's Neighbors app.","Municipal","Ring/Neighbors Partnership","Ring","https://www.google.com/maps/d/u/0/viewer?mid=1eYVDPh5itXq5acDT9b0BVeQwmESBa4cB&ll=36.194591702507864%2C-103.96982876449249&z=95","","Ring","","12/1/2020","https://blog.ring.com/2019/08/28/working-together-for-safer-neighborhoods-introducing-the-neighbors-active-law-enforcement-map/","","Ring","","8/28/2019","","","","","",""
"AOS6559","Santa Cruz","Santa Cruz County","CA","Santa Cruz County Sheriff's Office","Sheriff","The Santa Cruz County Sheriff's Office signed an agreement with Amazon's home surveillance equipment company, Ring, in December 2020 to gain special access to the company's Neighbors app.","County","Ring/Neighbors Partnership","Ring","https://www.google.com/maps/d/u/0/viewer?mid=1eYVDPh5itXq5acDT9b0BVeQwmESBa4cB&ll=36.194591702507864%2C-103.96982876449249&z=95","","Ring","","12/9/2020","https://blog.ring.com/2019/08/28/working-together-for-safer-neighborhoods-introducing-the-neighbors-active-law-enforcement-map/","","Ring","","8/28/2019","","","","","",""
"AOS6569","Lakeport","Lake County","CA","Lakeport Police Department","Police","The Lakeport Police Department signed an agreement with Amazon's home surveillance equipment company, Ring, in December 2020 to gain special access to the company's Neighbors app.","Municipal","Ring/Neighbors Partnership","Ring","https://www.google.com/maps/d/u/0/viewer?mid=1eYVDPh5itXq5acDT9b0BVeQwmESBa4cB&ll=36.194591702507864%2C-103.96982876449249&z=95","","Ring","","12/17/2020","https://blog.ring.com/2019/08/28/working-together-for-safer-neighborhoods-introducing-the-neighbors-active-law-enforcement-map/","","Ring","","8/28/2019","","","","","",""
"AOS6580","Woodland","Yolo County","CA","Woodland Police Department","Police","The Woodland Police Department signed an agreement with Amazon's home surveillance equipment company, Ring, in January 2021 to gain special access to the company's Neighbors app.","Municipal","Ring/Neighbors Partnership","Ring","https://www.google.com/maps/d/u/0/viewer?mid=1eYVDPh5itXq5acDT9b0BVeQwmESBa4cB&ll=36.194591702507864%2C-103.96982876449249&z=95","","Ring","","1/6/2021","https://blog.ring.com/2019/08/28/working-together-for-safer-neighborhoods-introducing-the-neighbors-active-law-enforcement-map/","","Ring","","8/28/2019","","","","","",""
"AOS6596","Livermore","Alameda County","CA","Livermore Police Department","Police","The Livermore Police Department signed an agreement with Amazon's home surveillance equipment company, Ring, in January 2021 to gain special access to the company's Neighbors app.","Municipal","Ring/Neighbors Partnership","Ring","https://www.google.com/maps/d/u/0/viewer?mid=1eYVDPh5itXq5acDT9b0BVeQwmESBa4cB&ll=36.194591702507864%2C-103.96982876449249&z=95","","Ring","","1/14/2021","https://blog.ring.com/2019/08/28/working-together-for-safer-neighborhoods-introducing-the-neighbors-active-law-enforcement-map/","","Ring","","8/28/2019","","","","","",""
"AOS6599","Ceres","Stanislaus County","CA","Ceres Police Department","Police","The Ceres Police Department signed an agreement with Amazon's home surveillance equipment company, Ring, in January 2021 to gain special access to the company's Neighbors app.","Municipal","Ring/Neighbors Partnership","Ring","https://www.google.com/maps/d/u/0/viewer?mid=1eYVDPh5itXq5acDT9b0BVeQwmESBa4cB&ll=36.194591702507864%2C-103.96982876449249&z=95","","Ring","","1/19/2021","https://blog.ring.com/2019/08/28/working-together-for-safer-neighborhoods-introducing-the-neighbors-active-law-enforcement-map/","","Ring","","8/28/2019","","","","","",""
"AOS6601","Murrieta","Riverside County","CA","Murrieta Police Department","Police","The Murrieta Police Department signed an agreement with Amazon's home surveillance equipment company, Ring, in January 2021 to gain special access to the company's Neighbors app.","Municipal","Ring/Neighbors Partnership","Ring","https://www.google.com/maps/d/u/0/viewer?mid=1eYVDPh5itXq5acDT9b0BVeQwmESBa4cB&ll=36.194591702507864%2C-103.96982876449249&z=95","","Ring","","1/20/2021","https://blog.ring.com/2019/08/28/working-together-for-safer-neighborhoods-introducing-the-neighbors-active-law-enforcement-map/","","Ring","","8/28/2019","","","","","",""
"AOS6616","Santa Rosa","Sonoma County","CA","Santa Rosa Police Department","Police","The Santa Rosa Police Department signed an agreement with Amazon's home surveillance equipment company, Ring, in February 2021 to gain special access to the company's Neighbors app.","Municipal","Ring/Neighbors Partnership","Ring","https://www.google.com/maps/d/u/0/viewer?mid=1eYVDPh5itXq5acDT9b0BVeQwmESBa4cB&ll=36.194591702507864%2C-103.96982876449249&z=95","","Ring","","2/3/2021","https://blog.ring.com/2019/08/28/working-together-for-safer-neighborhoods-introducing-the-neighbors-active-law-enforcement-map/","","Ring","","8/28/2019","","","","","",""
"AOS6633","Santa Maria","Santa Barbara County","CA","Santa Maria Police Department","Police","The Santa Maria Police Department purchased four drones for $20,000. The agency made its first drone-assisted arrest in 2020. ","Municipal","Drones","","https://santamariatimes.com/news/local/crime-and-courts/santa-maria-police-catch-stabbing-suspect-in-first-ever-drone-arrest/article_fdce7c1c-ce93-5066-aa4c-3bef37f3b946.html","","Santa Maria Times","","08/12/2020","https://www.facebook.com/SMPDHQ/photos/3517167141649900","","Santa Maria Police Facebook page","","08/13/2020","","","","","",""
"AOS7078","Santa Cruz","Santa Cruz County","CA","University of California Santa Cruz Police Department","Police","The UC Santa Cruz Police Department acquired body-worn cameras in 2017. ","University","Body-worn Cameras","","https://www.cityonahillpress.com/2017/01/20/santa-cruz-county-sheriffs-move-ahead-with-body-cameras/","","City on a Hill Press","","01/20/2017","https://police.ucsc.edu/report/policies/body-worn-camera.html","","University of California Santa Cruz Police Department","","1/5/2021","","","","","",""
"AOS7079","Arcata","Humboldt County","CA","Humboldt State University Police Department","Police","The Humboldt State University Police Department issued a body-worn camera policy in 2020. ","University","Body-worn Cameras","","https://police.humboldt.edu/sites/default/files/police/2019_annual_campus_safety_plan_report.pdf","","The Humboldt State University ","","2019","https://police.humboldt.edu/sites/default/files/police/hsu_policy_manual.pdf","","Humboldt State University Police Department Policy Manual","","01/07/2020","","","","","",""
"AOS7095","Menifee","Riverside County","CA","Menifee Police Department","Police","The Menifee Police Department acquired automated license plate readers in 2020, shortly after the formation of the department.","Municipal","Automated License Plate Readers","Flock Safety","https://menifeepolice.org/2020/04/02/five-ways-tech-will-help-police-keep-menifee-safe/","","Menifee Police Department","","04/02/2020","https://www.pe.com/2020/06/30/menifees-new-police-department-set-to-debut/","","The Press-Enterprise","","06/30/2020","","","","","",""
"AOS7101","Menifee","Riverside County","CA","Menifee Police Department","Police","The Menifee Police Department acquired Axon body-worn cameras in 2020, shortly after the formation of the department.","Municipal","Body-worn Cameras","Axon","https://menifeepolice.org/2020/04/02/five-ways-tech-will-help-police-keep-menifee-safe/","","Menifee Police Department","","04/02/2020","https://www.pe.com/2020/06/30/menifees-new-police-department-set-to-debut/","","The Press-Enterprise","","06/30/2020","","","","","",""
"AOS7102","Menifee","Riverside County","CA","Menifee Police Department","Police","The Menifee Police Department acquired Axon and DJI drones in 2020, shortly after the formation of the department.","Municipal","Drones","Axon, DJI","https://menifeepolice.org/2020/04/02/five-ways-tech-will-help-police-keep-menifee-safe/","","Menifee Police Department","","04/02/2020","https://www.pe.com/2020/06/30/menifees-new-police-department-set-to-debut/","","The Press-Enterprise","","06/30/2020","","","","","",""
"AOS7114","Stanton","Orange County","CA","Stanton Public Safety Services Department","Police","The City of Stanton leased eight Flock Safety automated license plate readers in 2020. The cameras placed at Beach Boulevard and Katella Avenue. ","Municipal","Automated License Plate Readers","Flock Safety","https://www.ci.stanton.ca.us/Portals/0/Documents/Agenda%20and%20Minutes/Agendas%20-%20City%20Council/2020/City%20Council%20Agenda%20for%2002-25-2020%20(Joint).pdf?ver=2020-02-21-021407-797&timestamp=1582251177573","","Stanton City Council","","02/25/2020","","","","","","","","","","",""
"AOS7115","San Marino","Los Angeles County","CA","San Marino Police Department","Police","The City of San Marino approved the purchase of Flock Safety automated license plate readers in May 2020. ","Municipal","Automated License Plate Readers","Flock Safety","https://www.cityofsanmarino.org/May%2013%20Minutes.pdf","","City of San Marino","","05/13/2020","","","","","","","","","","",""
"AOS7116","Walnut","Los Angeles County","CA","Walnut, City of","City Council","The City of Walnut installed Flock Safety automated license plate readers. Only the city administrator and the Los Angeles County Sheriff's Department can access the data. ","Municipal","Automated License Plate Readers","Flock Safety","https://www.cityofwalnut.org/home/showpublisheddocument?id=15639","","City of Walnut","","7/22/2020","https://www.cityofwalnut.org/home/showpublisheddocument?id=15641","","City of Walnut","","","","","","","",""
"AOS7120","La Cañada Flintridge","Los Angeles County","CA","La Cañada Flintridge, City of","City","The La Cañada Flintridge City Council authorized the installation of 39 Flock Safety automated license plate readers at the city's entry and exit points. The data is access by the Los Angeles County Sheriff's Department. ","Municipal","Automated License Plate Readers","Flock Safety","https://cityoflcf.org/public-safety/","","City of La Cañada Flintridge","","","https://cityoflcf.org/wp-content/uploads/2020/06/2020.03.09_LCF-Vista_SPRING_FINAL-WEB.pdf","","City of La Cañada Flintridge","","2020","","","","","",""
"AOS7179","Placentia","Orange County","CA","Placentia Police Department","Police","The Placentia Police Department signed an agreement with Amazon's home surveillance equipment company, Ring, in March 2021 to gain special access to the company's Neighbors app.","Municipal","Ring/Neighbors Partnership","Ring","https://www.google.com/maps/d/u/0/viewer?mid=1eYVDPh5itXq5acDT9b0BVeQwmESBa4cB&ll=36.194591702507864%2C-103.96982876449249&z=99","","Ring","","3/31/2021","https://blog.ring.com/2019/08/28/working-together-for-safer-neighborhoods-introducing-the-neighbors-active-law-enforcement-map/","","Ring","","08/28/2019","","","","","",""
"AOS7186","Daly City","San Mateo County","CA","Daly City Police Department","Police","The Daly City Police Department signed an agreement with Amazon's home surveillance equipment company, Ring, in March 2021 to gain special access to the company's Neighbors app.","Municipal","Ring/Neighbors Partnership","Ring","https://www.google.com/maps/d/u/0/viewer?mid=1eYVDPh5itXq5acDT9b0BVeQwmESBa4cB&ll=36.194591702507864%2C-103.96982876449249&z=106","","Ring","","3/22/2021","https://blog.ring.com/2019/08/28/working-together-for-safer-neighborhoods-introducing-the-neighbors-active-law-enforcement-map/","","Ring","","08/28/2019","","","","","",""
"AOS7188","Placerville","El Dorado County","CA","Placerville Police Department","Police","The Placerville Police Department signed an agreement with Amazon's home surveillance equipment company, Ring, in March 2021 to gain special access to the company's Neighbors app.","Municipal","Ring/Neighbors Partnership","Ring","https://www.google.com/maps/d/u/0/viewer?mid=1eYVDPh5itXq5acDT9b0BVeQwmESBa4cB&ll=36.194591702507864%2C-103.96982876449249&z=108","","Ring","","3/19/2021","https://blog.ring.com/2019/08/28/working-together-for-safer-neighborhoods-introducing-the-neighbors-active-law-enforcement-map/","","Ring","","08/28/2019","","","","","",""
"AOS7202","Madera","Madera County","CA","Madera County Sheriff's Office","Sheriff","The Madera County Sheriff's Office signed an agreement with Amazon's home surveillance equipment company, Ring, in March 2021 to gain special access to the company's Neighbors app.","County","Ring/Neighbors Partnership","Ring","https://www.google.com/maps/d/u/0/viewer?mid=1eYVDPh5itXq5acDT9b0BVeQwmESBa4cB&ll=36.194591702507864%2C-103.96982876449249&z=122","","Ring","","3/1/2021","https://blog.ring.com/2019/08/28/working-together-for-safer-neighborhoods-introducing-the-neighbors-active-law-enforcement-map/","","Ring","","08/28/2019","","","","","",""
"AOS7208","El Cajon","San Diego County","CA","El Cajon Police Department","Police","The El Cajon Police Department signed an agreement with Amazon's home surveillance equipment company, Ring, in February 2021 to gain special access to the company's Neighbors app.","Municipal","Ring/Neighbors Partnership","Ring","https://www.google.com/maps/d/u/0/viewer?mid=1eYVDPh5itXq5acDT9b0BVeQwmESBa4cB&ll=36.194591702507864%2C-103.96982876449249&z=128","","Ring","","2/24/2021","https://blog.ring.com/2019/08/28/working-together-for-safer-neighborhoods-introducing-the-neighbors-active-law-enforcement-map/","","Ring","","08/28/2019","","","","","",""
"AOS7232","Crescent City","Del Norte County","CA","Crescent City Police Department","Police","The Crescent Police Department maintains an volunteer camera registry. ","Municipal","Camera Registry","","https://www.crescentcity.org/departments/Police/SecCameraForm","","Crescent City Police Department","","","","","","","","","","","","",""
"AOS7234","Orange","Orange County","CA","Orange Police Department","Police","The Orange Police Department uses an automated facial recognition (AFR) system. ","Municipal","Face Recognition","","https://citydocs.cityoforange.org/OrangePD/edoc/67203/Automated%20Facial%20Recognition%20Presentation.pdf?dbid=0&repo=OrangePD","","Orange Police Department","","","https://citydocs.cityoforange.org/OrangePD/edoc/69633/Orange%20Police%20Department%20Policy%20Manual.pdf?dbid=0&repo=OrangePD","","Orange Police Department","","04/08/2021","","","","","",""
"AOS7237","Buena Park","Orange County","CA","Buena Park Police Department","Police","The Buena Park Police Department acquired approximately 70 body-worn cameras purchased by the Buena Park City Council.","Municipal","Body-worn Cameras","","https://www.ocregister.com/2017/08/23/buena-park-joins-groundswell-of-officers-wearing-body-cameras/#:~:text=BUENA%20PARK%20%E2%80%93%20Officers%20have%20begun,across%20Orange%20County%20and%20elsewhere.&text=Buena%20Park%20officers%20won't,1.","","The Orange County Register","","08/23/2017","https://www.ocregister.com/2015/04/02/buena-park-officers-could-be-next-to-wear-body-cameras/","","Orange County Register","","04/02/15","","","","","",""
"AOS7253","National City","San Diego County","CA","National City Police Department","Police","All uniformed National City Police officers were outfitted with body-worn cameras in 2016.","Municipal","Body-worn Cameras","Axon","https://www.nbcsandiego.com/news/local/national-city-police-to-get-body-cameras/101383/","","NBC San Diego","","04/06/2016","https://www.nationalcityca.gov/home/showdocument?id=23244","","National City Police Department Policies and Training - Body Worn Camera Training","","","","","","","",""
"AOS7290","National City","San Diego County","CA","National City Police Department","Police","All uniformed National City Police officers were outfitted with body-worn cameras in 2016.","Municipal","Body-worn Cameras","Axon","https://www.nbcsandiego.com/news/local/national-city-police-to-get-body-cameras/101383/","","NBC San Diego","","04/06/2016","https://www.nationalcityca.gov/home/showdocument?id=23244","","National City Police Department Policies and Training - Body Worn Camera Training","","","","","","","",""
